,Re-sort_ID,ERCC_ID,Name,subgroup,concentration_in_Mix_1_attomoles/ul,concentration_in_Mix_2_attomoles/ul,concentration_in_Mix_none_attomoles/ul,expected_fold-change_ratio,log2Mix_1/Mix_2,Length,Sequence,GC_content
0,70,ERCC-00002,DQ459430,D,15000,30000,0,0.5,-1,1061,TCCAGATTACTTCCATTTCCGCCCAAGCTGCTCACAGTATACGGGCGTCGGCATCCAGACCGTCGGCTGATCGTGGTTTTACTAGGCTAGACTAGCGTACGAGCACTATGGTCAGTAATTCCTGGAGGAATAGGTACCAAGAAAAAAACGAACCTTTGGGTTCCAGAGCTGTACGGTCGCACTGAACTCGGATAGGTCTCAGAAAAACGAAATATAGGCTTACGGTAGGTCCGAATGGCACAAAGCTTGTTCCGTTAGCTGGCATAAGATTCCATGCCTAGATGTGATACACGTTTCTGGAAACTGCCTCGTCATGCGACTGTTCCCCGGGGTCAGGGCCGCTGGTATTTGCTGTAAAGAGGGGCGTTGAGTCCGTCCGACTTCACTGCCCCCTTTCAGCCTTTTGGGTCCTGTATCCCAATTCTCAGAGGTCCCGCCGTACGCTGAGGACCACCTGAAACGGGCATCGTCGCTCTTCGTTGTTCGTCGACTTCTAGTGTGGAGACGAATTGCCAGAATTATTAACTGCGCAGTTAGGGCAGCGTCTGAGGAAGTTTGCTGCGGTTTCGCCTTGACCGCGGGAAGGAGACATAACGATAGCGACTCTGTCTCAGGGGATCTGCATATGTTTGCAGCATACTTTAGGTGGGCCTTGGCTTCCTTCCGCAGTCAAAACCGCGCAATTATCCCCGTCCTGATTTACTGGACTCGCAACGTGGGTCCATCAGTTGTCCGTATACCAAGACGTCTAAGGGCGGTGTACACCCTTTTGAGCAATGATTGCACAACCTGCGATCACCTTATACAGAATTATCAATCAAGCTCCCCGAGGAGCGGACTTGTAAGGACCGCCGCTTTCGCTCGGGTCTGCGGGTTATAGCTTTTCAGTCTCGACGGGCTAGCACACATCTGGTTGACTAGGCGCATAGTCGCCATTCACAGATTTGCTCGGCAATCAGTACTGGTAGGCGTTAGACCCCGTGACTCGTGGCTGAACGGCCGTACAACTCGACAGCCGGTGCTTGCGTTTTACCCTTAAAAAAAAAAAAAAAAAAAAAAAA,0.513666352
1,72,ERCC-00003,DQ516784,D,937.5,1875,0,0.5,-1,1023,CAGCAGCGATTAAGGCAGAGGCGTTTGTATCTGCCATTATAAAGAAGTTTCCTCCAGCAACTCCTTTCTTAATTCCAAACTTAGCTTCAGTTATAAATTCCCCTCCCATGATTGGGATTTTATAAACTTTTCTTCCATATAATTCATCTTTCTTCTCATAACCGTCTCCGAAAAACTTCAACTTAAATCCAACCTTTAACTGCTCATCAGCCATGTCTCCCACAGCATCAAAAATAGCAGTTGTTGGACATGTTAAGACACACTGCCCCAATCTCTCTAACATTTGATGCTCTAACTCTGACTTTTTAGGGTGGCATATCTGTATTATAAATCCTGGTCTTCCATCTGGTGTTTTTGATGGAGGGACATATTTCTCAATTCCTGCTTCTGCTGGACACATTATAACTGAACAACCAAAACCTGTTGCCTCTGTAGCTGCAATCTTAGCCCACTTCTTTGTAGCTGCTGTTATTAAAACTCTTGAAACCCATATTGGGAATGCTTCTGCAAATGTATCTTCAATATATACTCCATTTATTTCCATAGTTTCCCTCCATTAAGATTTTAACAATTATAGTTTATCTTAGGGGCTATTAATATCTTATCATTTGGTTTTTAATATTCGATAAATCCATAAATAAAAATATATCAACAATAATTTTAAATAATCTAAGTATAGGTAATATAACAATTAAAAAGATTTAGAGGGATAGAATTGAACGGCATTAGGAGAATTGTTTTAGATATATTGAAGCCGCATGAGCCAAAAATAACAGATATGGCATTAAAATTAACATCATTATCAAACATTGATGGGGTTAATATTACAGTCTATGAAATAGATAAAGAGACTGAGAATGTTAAAGTTACAATTGAAGGGAATAATTTAGATTTTGATGAGATTCAGGAAATTATTGAAAGTTTGGGAGGGACTATTCACAGTATAGATGAGGTTGTTGCAGGTAAAAAGATTATTGAAGAGTTAGAACACCACAAGATAAAAAAAAAAAAAAAAAAAAAAAA,0.326490714
2,2,ERCC-00004,DQ516752,A,7500,1875,0,4,2,523,TCTTGCTTCAACAATAACGTCTCTTTCAGAAGGCATTGGTATCTTTTCCCCACTTCCAAGCATTTTTTCAACTAATCTTATGTTATTAACCATTTCCTTAAATTCTTCTGGGTCTGCTGACAAAGCATGATCAGGACCTTCCATATTTTTATCTAAGGTAAAGTGCTTCTCAATAACATCCGCTCCTAAGGCAACAGAAACTACTGGGGCGAGTATTCCCAATGTATGGTCAGAATATCCCACAGGGATATTGAATATACTTTTCAAGGTTTTAATAGCGTTTAAATTGACATCTTCATAAGGGGTTGGGTAAGATGAAATACAATGCAATAAAATAATATCCCTGCATCCATTATTTTCTAAAACTTTAACTGCTTCCCAAATTTCCCCAATATCAGACATTCCTGTAGATAAAATCACCGGCTTGCCTGTTTTTGCCACTTTTTCTAATAAGGGATAAAAGGTTAAATCACCAGAGGCAATTTTAAATCAGGCACATAAAAAAAAAAAAAAAAAAAAAAAA,0.34416826
3,26,ERCC-00009,DQ668364,B,937.5,937.5,0,1,0,984,CAATGATAGGCTAGTCTCGCGCAGTACATGGTAGTTCAGCCAATAGATGCCTAGTACGCTGACGGCATTCAGAGTACGCTGATCGGCTTATGACGTATGTGACGCAGCTCTTAGCGCAATGTATGTGCTGTTATCGAAGCCTATGGCTGAGTATGTAACGCTATGGCGTGCTAGTCGTCTCATATACGTCTGATGACCTCGTATCATGTTATAGGGCTGCGAACTGTCGATGATGGTCACGACTCTGTCGATAGCTGTGTGACTCATTCAGAAGGTGTGCAGCCTATATGATACGCAGTCGCATCCTATCTTACGTGTCAGTACTATGTGTGAGTGCTCCGCCCTAGTGCTGATGTATGCCCCATAGTGCTCAGTGGAGTCTCTCTTAGCATAGTGTCCGCTCATACATTAGATGGACGGCTCATTAGTATCATCGTCGGCTGATATAGGTCGTGGCTCCCTGTATATCGAGGTGAGTCTATCTGGATCAACGTCGCACTATGATGTGCAAAGTGTCGTCCATGTATAGACAGTGCGCGTATCATATAGGATGCGGCGATCTCATACAGCGTTACGGTCGCTGCGTACTGTATAAGGATGCTCTGTGAACTGTCATCGGTCCGATCAATTAGTCTAGTGTGCGTTATTCAGATCGAGTGAGTACATGATTCGTCAGTGTGGATCAATTACAGTTAGGCCGCTGACACATTAGTAACGTCGGCAAGCACTTAGTCGTGTCGTAAGCCAGTGTGTCGTGTCTTAGACGACTGTGTGTGATTCTCGAGCGATTTATACATCCGTGACAGCGCTTATAGTGTGCTGACAGACTGGTTGGTTATCCAATGATCGACCTGGAGTCTAATATCTGACCACGCCTTGTAATCGTATGACACGCGCTTGACACGACTGAATCCAGCTTAAGAGCCCTGCAACGCGATATACAGGCGCTGCTACCGATATAAAAAAAAAAAAAAAAAAAAAAAA,0.472560976
4,67,ERCC-00012,DQ883670,C,0.11444092,0.17166138,0,0.67,-0.58,994,CGAGAGATGTTTGTAGGTGCGGAATGTGTGCGGTCTACCTTAGCTGTAGTGTGCGATGAACCTACACACAACGTGGTATAGTGGCCGATCTTAGAGTGATCCTATCACTCCTTACGCACCAGAAGGGATCTGCATACCAGGCGGAGAACTTGGAAGGCGGCTAGATCACTGAATTGCGGGAATCGGCATTTCGCATTCTTAGGATCTAAACCTTAGACCTCCGCGTGCGATTGCACCTGCTTGGTACAGAGTTACAAGCCCCCCGCACTTTCTTTGCGGTCGTTAAGAGGGAAATCGCCCAATTAGCAGAGTGTCAGGTGTTACGCGCGATTGAGCCGTCAGAAGAATCGATAGAGCCGCGTCGGGACCTTGATGGTATCTCTGCCTCAGCTAACCTGCTAGGTCCGTCCCCTGGGGATGATCAGGACTGCGGATAGTAAATTGCGGGTTTGAAGCCGGACTTGCCGCCTAGGCAAAGCACAAAAACATCGGACATGTAGAAGTCTCATCGAACTCCTTTCCCGTTCATGCAGATACTTCAACTGTGACTAGTGGGGTTCGGGAGCACCCGCACTACTTCATTCTTGGCGGTGGGCCACTTTATGTGACTGTACATGGGACTTCTACTCATACCAATGTAAAGTATAGTTAACGCCCTGTCCACTCTACTCAGGCGTAATCATCGCGGAAGGCTATCCACAGCCCATCAGCGGTCTACATGTCCCAGCAGATTCACCTGTCCTGCGGGTCCGCGTCACAGCCTATTCTGAGGCTCTAAAGACTATGCGAACCAGGTGTCCCAGTCGATCAGACGACGAAGTCGGGAAGGAAGCATGGATACCAAAAAGGCTTTATATACTGGGTTATCCTAGGGGATGTTTTTACCGGACTGGTCAGCCTCGGTGCGCTCGGCCTAGGCGCTTACTGCATGGGGGCTGTGGGCAATTTGGTATTTCTCAGGACTATGGACAAAAAAAAAAAAAAAAAAAAAAAA,0.509054326
5,86,ERCC-00013,EF011062,D,0.91552734,1.83105469,0,0.5,-1,808,ACCGAGCTCAGATGTGAAGGATCTTCTTGGAGGATTAAAAAAATGATTATCTGTAAAACCCCACGTGAACTTGGTATCATGCGGGAAGCAGGGCGAATCGTGGCTTTAACTCATGAAGAGTTAAAAAAGCACATTAAACCAGGAATCTCGACAAAAGAATTGGATCAAATTGCCGAACGTTTTATTAAGAAGCAGGGTGCAATCCCATCTTTTAGGGGGTATAATGGGTTTCGCGGGAGCATTTGCGTATCAGTTAATGAAGAACTCGTTCACGGCATACCTGGCAGCAGGGTGCTGAAGGACGGTGACATCATCAGTATTGATATCGGTGCTAAATTAAATGGTTATCATGGTGACTCTGCATGGACATATCCGGTAGGAAACATCAGCGATGATGACAAAAAACTTCTGGAAGTGACAGAGGAGTCTTTATATAAAGGCTTGCAGGAAGCAAAACCAGGTGAACGTTTGTCGAATATTTCCCACGCAATACAAACGTATGTCGAAAATGAGCAGTTTTCAGTTGTTAGGGAGTATGTCGGACATGGTGTTGGTCAAGACTTGCATGAGGACCCGCAAATTCCTCATTACGGTCCGCCCAACAAAGGACCACGGCTTAAACCTGGCATGGTTCTCGCTATTGAACCTATGGTGAACGCTGGCAGCCGCTACGTGAAAACATTGGCTGATAACTGGACGGTTGTAACGGTAGATGGGAAAAAGTGTGCTCATTTTGAACATACGATTGCGATTACGGAAACGGTTTTTGAATACTGACGAGAGTAAAAAAAAAAAAAAAAAAAAAAAA,0.428217822
6,82,ERCC-00014,DQ875385,D,3.66210938,7.32421875,0,0.5,-1,1957,AAAAGAAGAAGGAAAGTAGAGGAGATCAAGATGTCAAACGAAACAATTAAATTAGTCATTGCGGGACCGCGTGGAAGAATGGGGCAGGAAGCTGTTAAATTGGCAGAACGAACACCACATTTTGACCTTGTAGGGGCCATAGACCATACATACGATCAGCAAAAATTATCTGATGTGATGCCTGTTGAGTCAGATGCTTTCATTTACACAGATATCCTTGCCTGTTTTACAGAAACACAACCGGATGTCTTGATTGATTTAACAACGCCCGAAATCGGAAAAGTACATACAAAAATTGCATTAGAGCACGTAGTCCGTCCAGTTGTCGGAACAACCGGTTTCTCAGAAGCTGATTTAAAAGAGCTCACATCTTTAACAGAAGAAAAAGGGATCGGAGCCATCATCGCGCCAAATTTTGCGCTCGGTGCGATACTGATGATGAAATTTTCAAAAATGGCTGCCAACTATTTTGAGGATGTTGAGATTATTGAGCTTCATCATGACCAGAAGCTTGACGCACCAAGCGGAACTGCGCTTAAAACAGCGGAAATGATTTCAGAAGTCCGTAAAGAAAAGCAGCAAGGACATCCGGATGAAAAAGAAATTCTCCCAGGAGCAAGAGGAGCGGAGCAAAACGGTATTCGCTTGCACAGCGTCCGTCTTCCGGGACTGATCGCGCATCAGGAGGTCATGTTCGGCATGGATGGCCAAACGCTTCAGATACGCCATGATTCTTATAACCGTGCTTCTTTCATGTCAGGCGTTAAACTGTCAGTCGAACAAGTCATGAAGATTGATCAGCTTGTGTATGGTTTAGAAAATATCATTGATTAGACGGGGGGATAAACAATGAAAATTGCTTTGATCGCGCATGACAAGAAAAAACAGGATATGGTTCAATTTACGACTGCCTATCGGGATATTTTAAAGAATCATGATCTATACGCAACCGGAACCACAGGGTTGAAAATTCATGAGGCGACAGGTCTTCAAATTGAACGTTTTCAATCCGGCCCTTTAGGGGGAGACCAGCAAATCGGTGCACTGATCGCTGCCAATGCACTCGATCTTGTCATTTTTTTGCGCGACCCGCTGACCGCGCAGCCGCATGAACCGGATGTCTCGGCATTAATCCGTTTATGTGATGTGTATTCCATTCCGCTCGCCACAAATATGGGTACTGCGGAAATTCTTGTGCGCACACTTGATGAAGGTGTTTTCGAATTCCGTGACCTTCTTCGGGGAGAAGAGCCGAATGTATAATGCTGACGTTCTTGCTTTTGGCGCCCACAGTGATGATGTCGAGATCGGAATGGGCGGCACAATAGCGAAGTTTGTCAAACAGGAAAAAAAAGTAATGATATGCGATTTGACAGAAGCGGAACTCTCTTCTAACGGTACGGTCAGTTTGCGTAAAGAAGAAGCAGCTGAAGCAGCCCGCATATTAGGCGCAGATAAAAGAATTCAGCTAACGCTTCCAGACCGCGGCCTAATAATGAGTGATCAGGCAATTCGGTCAATTGTCACTGTCATCAGAATCTGTCGGCCAAAAGCGGTTTTTATGCCGTATAAAAAGGATCGCCATCCGGATCACGGCAATGCGGCTGCACTGGTGGAAGAAGCGATCTTTTCCGCCGGAATCCATAAATATAAAGACGAAAAAAGCCTTCCGGCGCATAAAGTCAGCAAGGTTTACTATTATATGATAAATGGTTTTCATCAGCCGGATTTTGTTATTGATATCTCGGATACAATAGAGGCAAAGAAACAAAGCCTCAACGCCTACAAAAGCCAGTTTATCCCGTCAAAGGATTCCGTTTCTACTCCTCTGACGAATGGGTATATTGAAATCGTTGAAGCGAGAGAAAAGCTTTACGGTAAAGAAGCGGGCGTGGAGTATGCCGAAGGTTTCTTTTCCAAACGGATGCTGAAGCTTGAAAAAAAAAAAAAAAAAAAA,0.442003066
7,66,ERCC-00016,DQ883664,C,0.22888184,0.34332275,0,0.67,-0.58,844,GTTGTAACGAATGTTAATTTAGGAGGCAAGAGTTTGTGGGCGCGGACTTGCAGCTCGTAACGCTCTAAAAGGGTTATGCCGCTGAGGCGGGACCATAGTCAGGAAGTTTGTCCGATCCGCTCCAGTTGTCAAGAGTAGAGGATTTCGTGTTCGCCGATACTGCCGAAAACGTCATACCGAAGCAATTCTGTCGTCACTCTGTATGTCCGTGCCCCACCTTCGAGTATGAGTTTTAAAGTTCGTGCAGAGACATAGCTCGCGCACTCCCTGTGTGATGCCGGTCGGCCGACACATGCTTCAATGTGCCTTGAACTTGCATTCGAAAGAATGTCCTTATCTTGATCGGCCATTGTAATGCAACGCTCTCCTTTCATTGACACGAGGTTCGTAGATGGCTGTTACTCGCGGACGTTAAATAAAACTATCAGCGTCAGCGGATTAGGAGGCTTACGGGGGAACCTACAATTGTTCGCCGCATGGTCCGAAGGCGCCATGTCCCTCAGCGGAGCGACAACAATTACTACTGGAGCTATTGTAAATACGCAGCAACAAGCGTCCAGACATTTGCCGCTGACCTCCAGTCGCATGGACGGGGGAGAACAGCTGGAGCAATGCATCATTCGCTGAGGGACATCCAATCACGGAATCAAGGAAGAATTACCAATTTTACCTGTAACGAAACCAATTTATTACTGACGCAGAGTGAATCACATCTATAGCGGTTACGACCCTCCAGAGTGATCCGACGGCGATGTGTCTTTGACCCCCGTGTGACTGGTGTTCCTGTCGTATCCGCAACATGTTTACTCATCACTACGTTAAAAAAAAAAAAAAAAAAAAAAAA,0.484597156
8,22,ERCC-00017,DQ459420,A,0.11444092,0.02861023,0,4,2,1136,GAGAACTGAAAGTGAGTCCCAACGAGAGAGGTGCATCTGTCCAGTGAGAGCTGACTGTCTGCGACAACACTAGTCGGTCCAGGCATGGATTTCGCGACCTCACAACTTAAGGAGGCGGTAAATCAGATGACAGCGCGACCCTGTAATGGGTGACCTGCTAGTGGAGGTGGCGCGGTGTCCCAGATACAAGGATCTCGATGTAGTACCCTCACATAACTTTGCTCCCTGAAATAACATTCGATCACTCTAATGAATCCCTTAAGCCAGGAGCGTTAGTGTCAAACGCAACGCCCCGGGTTCATGATCCTGGATGGCTGGTCGAACCAGGGAGATGTCACTCTAATAGGTGCCAAATGTACCGCAGAACCTCGTAGGCGTTCGCCCAATTGGACCCGAGGTATAATGTAGACGGGCACGCTGACTGGGCAAAAGATTACAATCCCAGTTACCATACAGTCGCCCGGTCAGGATCGGGGCATGAAGGCAATATGTTGGCGCATCCCAGTCTTTCCGTAGAAACAGTGGCTAACGACGGAGATACTGCCGGGCAAGAAACCTTGACCAAGTATGCGCGCCTTGTGAGTCTCCATGGACTTGCTGCACCTACAAATCCGGAAGGGCGCTTATAGTGCTTGCTAGCACTCCCTGGAATATCTTAATCCCGCCAGCTCATGGGACGGGAGGAATGTGTTAGACCATAAACAGAGGGCTGGCCAACAATCAGAGGGAAGTAAGCCCCGCAAAAGGATTCTGCGGGAACCGAATTACACAACGTAAGGACGTACCTGCTCCTACCCCCGAACCACTGTCAATACGATAATGCGCCCAAAACGAGGGATCGAGACGGTCGGAGTGGCAGTCCAGCTTAAACAGGTGCTCGCCGAAACTAGCTGGCCAGGGTGAGGCATGGATTCAAAGCCAATGACCGAAGAAAGTTCCGACATACAATTACTCGGCTTTTGGCAATACCCAGGCGAGAGGTAAGCCCAAGCCATACCGGGAATGACCTGAGATCCACTTAGTAAGTCTTACGAGATGATCCCGACCCAGGACTGGAGCTAGGCGGTTGCGCAAGTAACTTCATCATGTATCGCTGGGGAATAATGTTCCTGGAAAAAAAAAAAAAAAAAAAAAAA,0.514084507
9,10,ERCC-00019,DQ883651,A,29.296875,7.32421875,0,4,2,644,CTTTAATGGTTGTACATACTTGACGGATTGCAGTGAGTGTATTCCCGTCCCATCGTATGGGTAACCCATAGGGGCGTGTCATTCAGCACTTCGGATAGTGTTTGACCGCGTCGCTCCCATGTCGCCTTTCAGGAGAAATAGTACAGGCTGCTGGCTCATGTTTCCTTCTACGCTGCACTTGCGGGCATAGAGGTCGGTTGCGATCTATATTCGGAGATAACTATTCACCCAGCGCCACTCGAATATCCCCTCTTCTGAGCAAGAGGCCAATAAATGCTCAAAAACGAGCGATTGTCCAACGACATAAAGGGAGACTGTAAGGTCCTAGCGCTCTGTCTGTTAGTGAGAGCCCTAGGTAAACACGGTCGTTATCCCCTAGAGCGTGAAGCGGCTGTAGATATCTCTGAATCTTCGACCTTGGTGTAGATGGGGCTAGGTCAAAAAGCGGTAGCGATTAGCACTTGTATACACTCTCCCCCTACTAAGTATGTAAGGCCTGACCGGAGATTTGTCCATGCTCACCAGGACCGATAGTTGGGCCCCGGTAATCTTGCCGCCGTAGGGAGTACGAGCAGTGCACCGTTGAAACAAGCACAGGAGGTATGAAGCATCAGACCTGAAAAAAAAAAAAAAAAAAAAAAAAA,0.48757764
10,74,ERCC-00022,DQ855004,D,234.375,468.75,0,0.5,-1,751,CCCGGGCCAATTGCCTCTATAACTAGAGCTGAGCCCACCATTAAAGCGATTTTTTCGCACTTAGCCGTAATAAATATAATGATCCCGCGGTGTAGTAATTCTACGGAATGCACGGAATGTCATAAGCAGAAGGACGTGATGTGCAACCTACTCCCCTTTCCCAAGTAAATGTACGGGAATTATCGTTTCGTTACCGACAACCATGGGGCCACGTGGCCAGTTTGCCCCTATTAGGTGGATAGGCACTGAGTACAGAATATATAAAGCGTGACGGATGAAAACGCACCCATTGTCACCGATTGTGACTAGTTGACCCTATCACCCCTACTGTGTTCAGACGTCGTTCTACTAAAGGCCCGTGCCGCCGGAAGCTCATTTAAAAAGAACTCGTAAGTAAGCCGGCGACATATCTAGCAAAACATAGTCCCCCTTCTGCTCAGAGGTTATCCATAAGTGACTTACCAGATGGAGTGCCAAGGTACAGACCTCCCTCCCAACTGGTTCCTGCAGGACGTTGCTATATCACTTCTGGCCGTCCTTATGGGTTACCCCTCGCGAGTGCCATCGCATCGACTGACACACCTGCATTCTATTTTATGCTCTACTGACGGCGACGAGTTTTTTGTAGCGTCGATCGCGGAGTTAAGGTCATTGGGGAATAGAACCATAGCGCTTGGGTTTGTGACTTTCTCCCTAGATACGCGTTTGCTGACTGCGCTACATGGATAAAAAAAAAAAAAAAAAAAAAAAA,0.472703063
11,65,ERCC-00024,DQ854993,C,0.22888184,0.34332275,0,0.67,-0.58,536,ACGGAGGAGCTTTGGCATACTAGGCTAGCGAATCTGCAACTAACGCAAGTTACATCCTAGCTAGCGAAGGGCGTCCCAATTTTCGCTAACCCGACGCGACGCATAAAAAGCGAGAATAACGCCTAAGGGATGTACAATGGATGTTGATTATGCCTTCGGGAATGAGGGATGATTTGCGAAAAACAAGTCAATACCTAACCAAATCCGCTAATGGACACCCGTAATCGTGCCCAAGTTTAACTGGTCGGTAGGTGGCAGGCAAAGCGCTAGTATCCCTAGGCGCGACACTATAAGTTTACAACTGCGAGAATTGACACTATGAGCGCGCATACTGGGGCCAGAATAGGCAATACCATGTGCGTCCCTGTGTGAACAGCTCGCGGCCATCAGAAGTTGGGATTGACGCATGATCTTGATCGAGCATACGGCTTCCACCAACCCATAGTACTTGGTAACTATAGCAATCAAGCACGCGTGAGCACAACGCTATCCAAATTACTACATTAACTGGAAAAAAAAAAAAAAAAAAAAAAAAA,0.462686567
12,30,ERCC-00025,DQ883689,B,58.59375,58.59375,0,1,0,1994,GGGGTCCATTATAGTGCAGGCGTGGTAAAGTAGCATTAGAACCCTACTACTTAGCCCGCGCAACTCGTCCTATTAAAAGTCGGAAGGATTAGGGAAGTTAACCTCCGTTAGGGCCTCATTGGCGCGCCTCCACGTATCTGTATTCCCGTGTCCCGACTGGCTAATAAGAGATATGGTGCAGCGTGAACGCGGACCGAACTCCGGTGTGCGCCGGTTCATGTTACTCGAAAAATAGACCCTACTTGCGCCATGTCATCTTTCACTACGGGGTAGTCTCTCGGCCAGGCTTTGAATCGCCTCATCCGCTTCTCAATGGTTCTGTCCTGACCTCTGGAGTTAATCTTCGTCTCATAGAGTAACCAGGCGACGCACCACGCCTAGTTGGTACCACCACTAGAAGCCCGGTTCGCTGGCTCAGTGCTAATATTCTGGAGGTCAGCCGACAGGTCACATGAGCCTACTCGTCTCGTCAAACACCCGCCTAGCCATGATTAACAAATACAGTGATTAAGTGTGTTTTGACCCTAGTGTTAGGTCGCTGGTACTTAGCAAGGGGAGTTGCATATGTGGTCTCTGTTTCGGGTTATATCTATCATTTACTTGACACCCTATTGGTTTATCACAGTCCTTCCACACGACCATACGCGTTGTAAGAATACCCTCTAGCGTTGGAGAGAATAAGTTCGATGTTCAATTCACAAAACCGAGCAAAGGCTTGTCGACAGCTTCTACTAGTATTCACTACCAAAACGCGTACCGACTTTAGGGCGGTAGAGAGAATTGCCATTGCCACGAGGTTCTCCAGAATACAGGGTCCAGGCGGCCCCCAGCATCGGAGTGCCTGAACTGGCGGGGATGCCCAAGATTGTAGAGGGCCTAACGAGTTTGATACGCCCGGGACTACGGGGCATTGTCTGCCGCGTCTGTTTCAGGTAAACGATCAACCGGAGACCAGGTTATTCCCATGTCGGTCCCCAGGCTTATACTGCGGAGATAGGCTGATGATGGTAGGTGCCTTGCTCTAGCAAAAACGCGCACAGCTTATGAGCATAGCGGCTGGGCGTAGGTCAGAGAGGGTATGTAAGATCTCTCCTCTATCGGTGTGCGTCTACTCTGCCCCCTTCGACACAAATGTACATCGCGGGAAACGGATACGCCTTACGCCCCAAGGTTTAGCGTATCAAAAAATGCAACGATTCCGATGTCGAACCTTGGATAGGAGCGACCGATTACGTGTTAATTGGCCCTGTACCTTTCTGGTCCGTTGATTATCACTCATCCCCAGGTTGTTATGGTCTACCGTGGAAGCCTCGTCAATGAATACTTTGAGCGCGATTGAAGTGCTCCGCTACATCGCGGCTATCATTAAAAATTCCCCTTTAACAAAGGTTGTGGACGTCAACGGCCCTGCAGTAGCGTTCCTTGGACCCGGTTCGAGTACCCAGAGCAGACTACGTATATATCCAAGTGGTTATGTCCGACGGCATTTTGCCAGGTTAGTATCTTCGGCAATGAGTTGCGTCTACGGCTAATCGAGAGCACTTGTCAGTACGCGCAATTACTACATGGAGTGTATTCGTTTTGAGCGCTGATACAGTTCTCCTATCAAGGTCGCAAAAGGTTGTCTAGAAAAGGGCCGTGCGCGCAGTCTACTGCTACCGGCGACTTTACGACGAAGTTAGGCATCAGACGACCACATGACGGAGAATTACGTACGCCACTTCAGACGTTCTGCCTGCGTGCTCTGCAATATAGGCGTAGCAACGAAGCTCGGTCGTGAACTGCTATAGGAATAGCCTGATACGAGCGCACAACAAGAACGAACCAGCGAAACTACCCAGATAACATCGCTCCCCGGCATTACTCTGACGGGGGTTGTCACTAGGCTGGTGGGTCCTTTCGCCTCTCATGTCAATTCCCTTTGTTGGGCTGCTTGGAAGTACTGATACTAGAGTAGCCTAGTAATACCTAAAAAAAAAAAAAAAAAAAAAAAA,0.501504514
13,15,ERCC-00028,DQ459419,A,3.66210938,0.91552734,0,4,2,1130,AAGAAAGTATTCCATTCCGGCTCATGGTCCCGGCTAGACCTGCAAGATCGAAGGTACTCAATGACACCAGTGACTGAGCGGTCAGCCCGGAAATAGCCAGAAATGTTACCATCCCCGCATGTTACACAAACGTCGGGCTGACGGAACCCATGAGAACCTATGGTGAATAGACAGTAAACGAGCGCAAAGGCGTGCTGCCAAGGGCTCCCACCGAATGTAGAACTGATCTGATTTCCGTGACAGGGAAACGCAATGCGAGGTTCCGCAAGTCCACCTATAATCTGTGACCGCTCGTAGAACATGGTTAGGGCCTGATTCAGTTAAATCAAGCCACCTCTGACAGAACGACGAGTCAGTGGAATCGACTTCACACCTCAGAGTCCACTCACGTGCTGTAAGTCAAAACCCAGTGAACTTCTCAACCGTGTAGCGCTCCTAGAACATTCAGGCGCCACTGAGGGGCATATGGATGAAGCGTGATACGAATTACCTCCAACGAATGCCAGCTGGGAGGAGGATAGGGACTATGTCTTCGTCAATGCTCCCGTCAAATGCCTTTCTAAATACCTTTTCGACCTCTCTGTGTGGAATGGGGTCTAGAACCAAGGACTAAAGCGGTGCACGAGGCCCTTTGGATATGTCCTTCTTGGGAGGGCCCACAGCCAAAGCCACCCATCACAGCTGGAATCTAATCTTGTGACCCAGTATTAACCGTGAGATCTACACAACCGACAAGCGCTAGCTTCCTCCCCGGTCAAGTAGTAATGCCGGGATGACTTTGCGTGTCCTATAGCGATCGAGCCCTCGAATTCACGTCGTCAAAGTGGAATGATCAGATTAAAGGGCTGTCGGGAGGGATGTGTAGGCCACTAACACCCCTCTGCACGAACTATAGATACGTCTTTCATCGGTACGCTCGAAAGCGCAGGTGGCTCCCAAATCGTGGGGAGTTAATCGAGCTGCGGATTGGTCCCCACGCCTTACGGCAGCGAACATAATCCCGCTGATGTGAAGTCGATCTACAAGGTAAACAACGGGGAATATAATTCAGTTGAACCGGTGTGGAGCCTGCACTTGGAACGCTGCATAAGGGACCCAACAGCCCCAAAAAAAAAAAAAAAAAAAAAAAA,0.50619469
14,38,ERCC-00031,DQ459431,B,1.83105469,1.83105469,0,1,0,1138,GGGAGAAAAGCTTCTTGCCTAGTTACAGCACGAAGATTGGGACCCATCGATCAGCGCCTCCGTGCAATGGCGCCTTGGTACACTCTCTAAAATGCAGTCGGTAGCGGGGCATGTAGTTACTGCGGTGATATTAAGCTAGTGAGTAACCTTATATCGAACTGTCTACCAAATTGATGTATCTACATTAGCCGTACGATGAGACAATGAACCGTGTCTACGCTCGGGAGCATTACCCCTATCATGAGCCTACAAGCACCTGACTAGACCAGGAGACAACTTGAGCGAGACACTAGCGAGAGGTGCCGATATAAGGTACATTGTTGCGGATGTCAACATCGCATTTTTATCCCCTGGCGGGATGCAACTAACACCAGTAATGTCGTTCTCCACGACCCCCTACCCGAAAACTTACTCGTATGAGTACTTTCGCGACGACTCGGCTGTGTAGTTTCCAAGCAGGCCCCTGGCTAGACCCATTTGTACCACGCGGAGGATCATCGGAATCCATAATCGGCCACAAACTAGCCGGCTGGAAACCTTGTGATATCATGAACGAGGAGTAAGAGCTGGTTAGTGAATCACCTTGAGGGCGAGGAACACAACAATTCTGCGGGTTAGCAGGAAGGTTAGGGAACTCGCTCATAGCATATTAGTACCGCTATCTCCTTTCCTTGGCGCGACATCTCCCAAAGTTAGGCTGATTCTGCCGCCTGTGATCGCTATCCTTATTTGTGGCAGAATATGTCGATGCAAAAAACCTTAATTCGTGCTTCATACATCATCCCCGAGAACTCCACGGCTCCACTCCCGCTTATCACGCGTGGGTGCTAAATGATACGAAGTGTGGCAGTCTATGTTAACTTGGAGCATCATATTTATTTCTGTTCACGGATGAAGGCCTATATCAATGATCATTAAAGACATTCCGTCATCGGCTACATGCAAAGAGGCTTTTCCACCCTGTTTCGGTGATTCAGGTGTCGAGCGACCATTATCTGTCGGCTCATCACCGAACCGGCCGTGATAGAGTCTTCGCATCAGGTTACACCATGTCGACTGATAGTAACTGTGGTTCGAGTTATGCGTGTTGACACACCGTTGAGGCGCCCTATTTAAAAAAAAAAAAAAAAAAAAAAAA,0.478031634
15,16,ERCC-00033,DQ516796,A,1.83105469,0.45776367,0,4,2,2022,GCACGCCCTATTTAACTGGAAACCTTCCAAGATTCGGAGAGCATATAAGTTGGGCCGAAAGCTCAGCTGTGAGCTTTGCAAACTCTGTCTTAGGAGCTAAGACAAATAGAGAAGGTGGGCCATCAGCATTAGCAGCTGCAATTATTGGAAAAACACCATATTATGGATATCACTTAGATGAAAATAGAAAGACAACACATATCATTGAGTTAGATGGACAATTAATCTCTAACTTTAAATATGGAGAGAGTTTTTATGGAGCTTTAGGTTACTTAGTTGGGAAGATTGTTAAGAATGGCATTCCATATTTTGAAAATCTATATAAATTAAATCCAAATAACGATAATTTAAAATCCTTGGGAGCTGCAATGGCTGCAAGTGGTGGTATCGCCTTATATCACGCAAAAAACTTGACAGCTGAATGCAGAGTTAAAGAAGTTGTTAATGATAAAATTGAAAAGATATCTATTGGAGTTGAGGAGATAAAGGAAGCTTATGAAAAATTAAATACAACAAATGAAGAGCCAGATTTAATTTGTATTGGTTGCCCTCACTGCAGTTTAATGGAAATTAAAAAAATTGCTGAACTTTTAAAAAATAAAAAATTGAATGCTGATTTATGGGTTTGCTGCTCTCTTCATATTAAAGCAATAGCAGATAGAATGGGATATACAAAGATTATTGAAAAAGCTGGTGGAAAGGTAGTTAAAGACACCTGTATGGTTGTTTCTCCAATTGAGGATTTAGGTTGTAAAAGAGTTGCAACAAACTCTGGAAAAGCTGCTGTTTATCTACCAAGCTTTTGTAAGAGTGAAGTAATTTTTGGAGATATTGAGGAATTGTTAAAAGGGAGATAATGCTGAATCCAATAATCTTATTTTTGGCTATTATTTTTGATAGAATCATTGGGGAGTTGCCAGAGAGTATTCATCCAACGGTTTGGATAGGGAAGTTGATAGCTTTTTTAGAGAACATATTTAAATCTACAAATTGCAAAAATAAATATAGAGATTTTTTGTTTGGCTCACTAGCAACGTTTATTACTCTATTAGTTGTGGGAGTTATAGCTTTTTTTGTTGATAAATGCATAATGCTGTTACCATCTCCTTTAAACTATATTATCTATGGTTTTTTGTTATCAACAACTATTGGCTACAAATCATTATTCGAATTCTGCAAAAAGCCGATTGAATATATAAAAAATGGTGATTTAGAGGGAGCAAGGAAAGCTGTTCAGCATATAGTTAGCAGAGATGCCTCAAAGTTGGATAAAGAGCATGTATTATCGGCTGCAGTAGAGAGCTTATCCGAGAACATAACAGACAGTATAATTGGAGCTTTATTCTATGCTATATTTTTTGGTTTGCCTGGAGCCTTTGTTTATAGGGCGATAAATACATTAGATGCAATGATTGGTTATAAAAATGAGAAATATCTATGGTATGGGAAGTTAGCAGCAAGGTTGGATGATATTGCCAATTTTATTCCTTCAAGAATAGCAGGGATTTTGCTAATAATTACTGCCCCATTTTATAAAGGAGATGTTAAAAAGGCAATATATGGGTTTTTAAAAGAAGCTAATAAGGTTCCATCACCAAACTCTGGTTATACAATGGCTACATTGGCAAATGCATTAAATATAACTTTGGAGAAGATAGGATATTATAAACTTGGTAGTGGGAAAATAGATGTTGAAAAATCTTTAAACGCTTTTAAGGCAGTTGATTATACAGTCGTTGTGTTTTTAATTATTTATACCTTAATTTGGTGGATAACATGATAAGTAAAGCTTATTACACTACAGAGATTCCAGAGGATAGATTTGAAGCTCTGAGTTGTATTAAAGATAGTCAAAAACCTCTTAAAATTATATTACTTGGAGGAGTTGATAGTGGTAAAACAACATTAGCTACTTTTTTGGCAAATGAGCTTTTAAACTTAGGATTTAAAGTTGCTATAGTCGATAGTGATGTAGGGCAGAAGAGCATTTTACCTCCAGCAAAAAAAAAAAAAAAAAAAAAA,0.327893175
16,35,ERCC-00034,DQ855001,B,7.32421875,7.32421875,0,1,0,1019,GGTATTACCCAGCACTCGTATGGCGCCCCATCGTTGTATCAGCAGGAGCATATGTTGCTCTTGATTGTATCACTTCGCGAGAAAGACCCCTTGAATACACGAGCTGCCGTCCGGATAACGATGTAATAGCCTATGGAGGGGAAGTAGTCATGTCTGCGGACTATTGGTAAGAGCACCGCCTCGTCGTACGTGGACACGAAGCTGTTCGGCCGCACGCAAGTACCTCCCACTTAGAAAGCGAATAACCCAACGACCGTGTTCAACCCTGGCCGTCTCTCAACCAGGTATGCAATCAACGACATTGGCCCAGATGTAGGGCCGTCTTGGTGGATTGAAACTCGGATCGATCACGTATGGTCTAGACCTTATACAACACCTGTGCGTGCGTCTGCGTCTGGCGATGGTGGGTAGCGGTCCGGACCACGATCGTACTGTAGGCGGCCCAAATGCGGATCTTTAGGTTGACCGATTGTACATCTCGCCATAGCCCTTTTCGTCACAACCTTTATAAAAGGGGTCAGGCCACTGTGTGAATCAGATGGCAAGCCCGTATCCGTATAGAAACATACGTTTCTCTGGCCACGACCAATAATTATGCACTGTTGGCTCGGAAGCGGGTCTACGGAGAACATTAGATATCGACCTAATATCCTGATAGCTAGCTTTCCCGAGGATAGGCGAGGATGGGCGTGCTAGACACAGGAGCATTGCATCACATGAATAAAGGGCTACGTACGCAGCGGCGTTAAGACAGACTTAGACTGATCACTATGAAATGATAGACACCATGTCGCAATTTGCTCCCTCACTCATATCGTTGTATCATAAAGTTGATCCTAATCACAAACCGAGTAACGAGCCAGACTAATCCGGAACATTCGTAAGCGATAGTGGTTGGCTCCTCCCGGTCGCCGAACTGATATCATAGCTAAGTATGCTGGCCTCGGTTAACCGCGAAGGCATATACAATGGATTCGCTGTCCGCGTAGCAATATAAAAAAAAAAAAAAAAAAAAAAAA,0.491658489
17,29,ERCC-00035,DQ459413,B,117.1875,117.1875,0,1,0,1130,GGGAGAGGTATCGTAAAGGTGAATCCTGTGGCTGTAGGAAGCAGTTCATATGACCAACGGGCGCCCTAGGGTATACTCCAGAATCGAATGTTACCAGAAAATAGGGGAACTGGTCGCTCCTAGGTAAGGTTGCCTGTCCCCGCACTGTACGAAGGTCCGGTCAACGGAAGCAGGCACACGCGCTATCTGAGTCCAAATACTTGATCCGGCCGGAAAATTAGAGGTGACGGCTTCCCACTACTGATCTCACTGACGTGCAATCATCCTGTGTCCGGAGCAATGACAGTGTCCAGTCTGTTATGGACGAGCTGGACGATTCACAGATAAGGACAGTCGCCCGGATACCGCAAACTAAATCTTGCCTGCCTCCGAGGGTGTGTGAAGGATAACTGTCGCCCTTAAGTAAAGATCTACCATTCGCCGGGGCAACGCGGCTCTCTGATGCTACGACCAAAGTGGTTGACATTACGCCAGTAATGGACTAAGGTTGAATTTGAGCGGATGGGCTCAACTGCGTCGTAACCGGTAGATACAGGGCATACGAGCCTCCCTATTTAACGGCATCATCCCGCGTAGTGCTGGTCAACCGACTGTCTATTGAAGTCAGGTTTCGGCTACATCAGCTGGAACGTTCCCGTAGCTACTATAATCAGGCAATCTGTCCCGAAGAGCCCACACCCTGACTTGGCCGTAAGGGAGCCCTAAATCAGTTAAATACGGGGAAGGAGTCTCGCCCTCCGGGTGATCCATCTTATTTACCAAAGAACATGTCCACGCCTGTGGGCTCTGAAGATGGGCGACACATGTCTACCCTGGCATAACGCCCAGCTTGATAAGAGTGAAACGACCCATCTGACACAGGCCGGCATAGAAGACCAGCGCAATGCGAGGGCCACACATAGGAGTGTGAAAATCTACATCAACATACTTCGGCCGTGGCTGAACGAGGGAGTGCTTGTACAATCCCGTTGTTTGGTGTGGCAGATTCCGGGAAATGAGCAAACGCTTCTCCCATGAACACACTCACAGCCATAAGTCCTACCTTGCTAACATCGCCCCGAATGCAGAGCCACCTACTGGGGTTGTCTGAGAACACTCCATGGGTCAAAAAAAAAAAAAAAAAAAAAAAA,0.513274336
18,60,ERCC-00039,DQ883656,C,3.66210938,5.49316406,0,0.67,-0.58,740,GAGCATGGCCTAACTGAATGCGCCTGCAGTATCTTTCTTAGTATATCAAGATCCGTAATATAACGGTTTGCGCGACTACGGTTACCGTCTTTATAAGTGAACAAAACCGGCTACCAGCATGTCGTATTTCGCCACCCATATAAACCCCACTTCGTCCTCAAGGAATCCAAAAGTCGGACGGCGTGGCTTGTCATCTTCGTCAGAAGGTTCGAAACCAGTAAAAAGACGCGATAGATAGGCCTAAGTGGGCCTCCCCTTTGCCAAAATCACGACGAAGTGACTAGTGCAGGCGTCGTATACTTACTCCTCATGTTCAGCCCACGCTGCATTGGTAGGCTGTTAGAAGCCGTGACCGAACAGGGTATGATGACCTCGCCATGGGCACCCTTGTATTCTCGGGGGCGGATGTAGAAATCAAAGCTGTTTACTAACCATGTACTGTCCTAAGAGATTGGCTGTGACCGGTCCCGGACACTGCGTCAACGCAGGTCGCTCACGATCGGCGTGCGCATTTTCGTGAATCATGTATAGTGGTTCTCGTTAGATACACATGTAAGCTGAATGGGGCCCTACCCAACCGGTTGGGTCTATAAGGCAGATGTGCGACGCACCTATTGGTAGGCCAATCTTATGGTTTGCCTCTTGTACTGAGGGTACCGCAGAGGTCCACTGGTTAGCTCACACTATGATCTAGGAGCAGTTGGGCGGTAAACGGCAAAAAAAAAAAAAAAAAAAAAAAA,0.489189189
19,63,ERCC-00040,DQ883661,C,0.91552734,1.37329102,0,0.67,-0.58,744,AACTACGATCCCATGAGAACACCTGTAGATACTCAGGTCTCCGCGGACCTACGCCGCGGACGATGATAAAGTCCGAGAAACCACCGGATTGCCCCAACAGACGGCCTAGCCCATCGAACTAGGGAAATGAACTATATCGTAACCAAGCCGGGTAGCTGCGGTGGTGCTAGACTAGATGTTAGCGTTCAGTCGAGCTGTTACGTGTAACGCCATTGAGACCCTTACCCTTTACCGGTCGGCGGATACGTCCAGCTTCGTCACTGCGTTCGAGCCTTCTACACGATCCAAGTTACCAGCGCAGTTTAAGGTACGTCGCTTCGACCAGAACGAGAGTTCGCAGCAAGGGGGAGGAGTTGGATTCTTAGGGAATGAGGCTGAACCTAACTCCTCGCTACATTCCTATTGTTTTCCCGATCGGCTTCATCGGGACGCCGGAGACCGCACCTTTGCCCGTTTAAGCTCGGACGGGATGCCACGGTTCTGTTCCACAACCCGGTCGGAGCACACCCTCTCTATGCTGCGTCTATGCCTTCCGGGTGGTTGAGGTGAGCCATGTGGTCTTAGAATCCGGTTGTATTAGACAGTATTGTGCTTGACGTCGTGGTATCGGGTGGTTGTGAAGGATACAGATATTCTATGGGCAGCGATGGGGCTTCCTCAGTCCGTCTACGGCCCACCAGACAAACAACTCGGGATACAAATTGAGCACCCGCGGACCGGAAAAAAAAAAAAAAAAAAAAAAAA,0.52688172
20,88,ERCC-00041,EF011069,D,0.22888184,0.45776367,0,0.5,-1,1122,CCGAGCTCAAGATGCGTTAATTATGTGGGTGACGATAAATGAGTGAGCAAAAAGACATGTACGTATTAGGAATTGAAACAAGCTGTGATGAGACTGCTGCAGCTATTGTGAAAAGCGGGAAAGAGATCATTTCAAACGTAGTAGCCTCTCAAATTGAAAGCCATAAGCGCTTCGGAGGCGTTGTTCCGGAAATTGCTTCAAGACATCATGTTGAACAAATCACTTTGGTTATAGAAGAGGCGTTTCGCAAAGCTGGCATGACGTATAGTGATATTGATGCGATTGCAGTAACAGAAGGTCCGGGACTGGTGGGAGCGCTTCTTATCGGAGTGAATGCCGCTAAAGCATTGAGCTTTGCATATAACATTCCGTTAGTAGGCGTTCATCATATAGCCGGTCATATATACGCGAACCGTCTTGTAGAAGACATCGTGTTCCCGGCACTGGCATTGGTCGTTTCAGGAGGCCATACAGAACTGGTTTATATGAAGGAACATGGATCATTTGAAGTCATTGGGGAAACCCTTGATGATGCGGCAGGAGAAGCCTACGACAAAGTGGCGCGGACGATGGGATTGCCATATCCGGGTGGACCGCAAATTGACAAGCTAGCTGAAAAAGGGAATGACAATATTCCGCTTCCTCGCGCATGGCTTGAAGAAGGCTCTTACAACTTCAGCTTTAGCGGATTGAAGTCTGCGGTGATCAATACGCTTCATAATGCATCCCAAAAAGGGCAAGAGATTGCTCCGGAAGATTTGTCTGCCAGTTTCCAAAATAGTGTGATCGATGTCTTGGTAACCAAAACGGCGCGCGCGGCAAAGGAATATGATGTCAAACAGGTCCTTTTAGCCGGAGGAGTAGCTGCAAACAGAGGCCTCAGAGCTGCATTAGAAAAGGAATTTGCCCAGCATGAAGGGATTACGCTTGTCATTCCTCCATTAGCTTTATGCACGGATAATGCTGCGATGATTGCTGCTGCTGGTACAATTGCTTTTGAAAAAGGAATTCGCGGTGCATATGATATGAATGGCCAGCCCGGCCTTGAATTGACTTCTTATCAAAGTCTCACGAGATAATAGCGTGAGACTCCCGGGTACAAAAAAAAAAAAAAAAAAAAAA,0.453654189
21,27,ERCC-00042,DQ516783,B,468.75,468.75,0,1,0,1023,ACCAACTCTGGCCTTTGTGTTGCTATTCCCCAAGCACACAATCCAGTATAACATCTTCCACAAACTCTACAGCCAAGAGCAACCATTGCAGCAGTTCCAATATAGACAGCATCTGCTCCTAAAGCTATAGCCTTAAATACATCTGCTGAACATCTGATTCCTCCACTTGCTATGATGCTAATTTCGTTTCTCAAACCTTCCTCTCTCAATCTTTGATCTACTGCGGCAATAGCCATTTCTATTGGGATTCCAACATGGTCTCTGAATACCTTTGGTGCTGCCCCTGTCCCTCCTTTATATCCATCTATAACAACTGCGTCAGCATCACTTGTTGCTATTCCAACAGCAATAGCTGGAGCATTATGGACAGCTGCAATTTTAACAAACACTGGCTTTTTCCATCTTGTTGCTTCTTTCAAACTTCTAACTAATTGAGCTAAATCCTCAATTGAGTAAATGTCATGGTGAGGAGCTGGTGAGATAGCATCACTTCCCTCAGGAATCATTCTTGTTGCTGAAATTTCTGCTGTAACCTTCTCTCCAGGTAAGTGCCCTCCAATTCCAGGCTTAGCTCCCTGCCCTATTTTAATCTCTATTGCAGAACCTTTCATAAGATACTCTTCATTAACTCCAAATCTTCCACTTGCAACTTGGGTAATTATGTGGTCTGCATAAGGGTAGAGAGCTTTTGGCAATCCTCCTTCACCAGTTCCCATGAATGTTCCACATTCTTTAACTGCCTTAGCAAATGATAGGTGAGCGTTTAAAGACAAAGCTCCATAAGACATATGGGCAATCATTATTGGGGTATCTAACTTTAAGTTTGGAGCTATTTTTGTTTTTAACTTAGCTTTTTTAATCTTCTTGCCATCAATCTCTTCTTCAACAAATTCAAACTCTAACTGCTTTGGTTTTTTACCAATGTAAGTTCTTAATTCCATTGGCTCTCTCAATGGGTCGATGGATGGGTTTGTAACTTGCATGCATCTAAAACAATCTAAAAAAAAAAAAAAAAAAAAAAAA,0.39198436
22,73,ERCC-00043,DQ516787,D,468.75,937.5,0,0.5,-1,1023,AATACCTTTACAAATGCTTTAACAAGAGGAAATTGTGTTTTTGCCAATTTAAGACCTAATTTAATAGTTAAACCATTAACCTTAGTTGTTCCAAGGCATAATATAGAGAGTGAGATACAGGATGAGCTATTTCAGGGAGTTATTCAGTATGCAGTTGCCAAGGCAGTTGCTGATTTAGATTTAGATGAAGATTTAAAGGTTGTTGTCTCTGTTAATGTCCCAGAGGTTCCAATAACCAATTTAAATAAAAGAAAACTCTTCCAATACTTCTATGCCTCAGCAAAGTTAGCTATAAACAGAGCTTTAAATGAATATCCTTCAAAAGAGAAGGTAAAGAAAGAGAAATATAGAGCTTTGCATCCATTAGTTGGATTTAGGGATGTTAGATTGGAGTATCCTCCATATCTACAAATTGCTTTGGATGTCCCAACTATGGAGAATTTGGAATTTTTGTTACAAACAATTCCAAATAGCGACCACATCATCTTAGAGGCTGGAACACCACTAATTAAAAAGTTTGGTTTAGAGGTTATTGAAATAATGAGAGAATATTTTGATGGCTTTATTGTTGCTGATTTAAAAACCTTAGACACTGGAAGGGTTGAGGTAAGATTGGCATTTGAAGCAACAGCTAATGCAGTGGCAATAAGTGGAGTAGCACCAAAATCAACAATAATTAAAGCTATCCACGAATGTCAAAAATGTGGTTTAATCAGCTATTTGGATATGATGAACGTCTCTGAACCTCAAAAATTATATGATTCATTAAAATTAAAGCCAGATGTTGTTATCTTGCATAGAGGGATTGATGAGGAGACATTTGGAATTAAAAAGGAATGGAAATTTAAGGAAAACTGCTTATTAGCAATTGCTGGAGGAGTTGGTGTGGAGAATGTTGAAGAGCTTTTAAAAGAATATCAAATATTAATCGTTGGTAGAGCAATTACAAAATCAAAAGACCCAGGAAGAGTAATTAGGATTTTATAAACAAGATGGGTTAAAAAAAAAAAAAAAAAAAAAAAA,0.327468231
23,52,ERCC-00044,DQ459424,C,117.1875,175.78125,0,0.67,-0.58,1156,AGATAGTGACTAGGGTAAATGCCAAGCCGTCTTATAAAAGCGGTAGCGAGAGATCTTAGAACTCCCGGCGAACGCCCCAACTTATGCGATGTCCAGCCCCAAACGGTTGATTAGATCGGTAGCTCCCGAACTAAGAGACCCTAAACGCTATCCGTGGACTGTGTAGGTAGGCCGTCGTCCTAAGTGGCCTCGTGAACTAACGCCTGCTGCTATGTCCCAATGAAGGGTACATGCCCTCTTCCCGTACTACGCCGATACAAAGTCCCGAACGAGCTTACGAAATATAGCGCTTAACCATGGGGCCACCATAGGTGCCTGGTACAGACGTGTCAGACGAGCCCTCGGCTAGCTCATAATTGCGGCCGTTCATATAAACCTCAGCGTCTGGTCATGTCTGTACCACAACGCTCCCGGTTCTTCGACGCTCAGTTCGGTACCCAAGATAGCGGACTCTCAAAGAACGATTCAGTAGTCGCCGTACCCATGTAGGCCTTAAGAGGTCTAATTAGCTCTAGGAAACACAACCCCGGGATTTGGGATACGCCACCAACACGAATCCAGCCGCATCGCACGCGTCGAAGTCCTCCGTGCTTGTGTGAGTCGACACATAGGATCGGGCACGGAGAGATCGGCGGTTGAAGTATGGAGCGTAGGTCTCGATCTCGTACAAAACGACTATGACCATTGGGCGTTGTACTCATTATCGTTACGATTTTACGGTGGCAAACGAAGCTACCAAGTAGATGCCGACGTCGAGTGGATCCACGCAGTCCGAGACAGCGCACACTCGCTGTAGAGGGTTTCAATCCGACTAAGACGGCGGGATCTACTACTTCTGCGAGTTTAGATTAACTGTATCTCCCGAATGCGCGTTCTAAAACCCTGACGTGATGGGACGGGTGAAGCACCGGGTTTTCGCCGGTTAGGTAAGGTAAAAATATGACCTTACCCTACGTTGATTGTGGTCATTACAGCAAGAGGTGGGTTATAACGCAATCTATGTTCGCATGCTATGTTATTTGACCCCTGCGGTAAGATTATTCACTCGTCATGGATAACCGGATAATCCCGTATAACCTGTGGGTATTATAGGCGACAATTCGAAAAAGGGCGAATTCAGGCCTGAATTCTGCAGAAAAAAAAAAAAAAAAAAAAA,0.5
24,71,ERCC-00046,DQ516748,D,3750,7500,0,0.5,-1,522,ATCTCCTCTAACTTTGGAGAGGTAGGAATGGGAGTATTTGCACTTGTGGTAACGGTATTTGCATTATTGATGGTTTTTACTATGTTGGGTATGCTGTTCGATTTCTTAAAGGACTGAATATTCGGTGGCAGTATGGGATTTCTAAAAATAATGTTAAGAATTTTTGCTGGTTTTTTGCGACGTTGGTGTTGTATTCTATAGCTCCATTATGGCCGTTATATGGAATCATTGGAGTGCCAGTAATTCTACCACGCCTTATATTTAAAGACAAAAAGAAGTGTCTAACAACAACATCCACACTACTACTCCTTGTCATATTTCTTCCTGAATTGCTGATTCTTATTGGATTTCTGATATTTCCTATTGTTATGGGCTATTACATCTCTAAGGAATTGGTGAAGTAAAATGGTGAAGCTTATGAATTTGTGGAGTGAGAGGATTAAAGATAGGGAAGTTGTTGAAGTTATTGGCTGTGAGAGAGTGCCATTGATGAAACGTAAAAAAAAAAAAAAAAAAAAAAAA,0.348659004
25,92,ERCC-00048,DQ883671,D,0.01430512,0.02861023,0,0.5,-1,992,TCTGTAAATCCCGTAAACGAGTAGTACGAATCCGGACTTGAATACACGCGTCAATCCCTTTTATATCCTAGAATGGACCGTGTGGACGGCAACTCAGAGATAACGCATATCTATGTGCTCGCTTGCCCATCAAAGAAGAGACGGCGACCAAACGGACGACATATAGTGACATGGTCAACCCGTACGCCTGCTTCGTAAGCCGACGGTCCTTTGAAGAGGCTGGCGAATCATGTCGTTTGTGCTTACTATTACATGCTAGCTTGGTTGGGGCATCTCGGGACAACGTCTATGTACAATAAACACAAAGCCGCGTAGTTATCTTCCGCGAGTTCCGCCCAATACATTGGCGGTGACTTGAGACCGCTAAAATGCACATAGAAGCCTCAAACATGGTAAGACTATAGATAAGCGGCGCGAAAACACGGCATTTGGAATGATGTGTACTGGGAATAAGACGACGTCGCTATGGCCTCTCCGGAAGGCGGTGTATGTGCCAAGCGATGTTTCATTAATGTAACGGACAGGTCGCTGAGGTGGCTTTCGTTGGGGGCGCCGTCTTTGGGGGAGATTGCGTCAATTTTGACTGTCAGATCAGCGACTAGATTTTAGGCAGATTAGTGTGCCACCTGAATCAATAGAACAATATCAGTTATGGCGGTGCAGTATACTATACAATGGGTTGGGCGCATCTGCATGTCTCATGCTGTCATGGCAATCGACCTCTAGTCTGGGGTGATCCGAGGCGCTTCTCTTATTAGGAATAGTGCAGGACCCGAAACCGCCATAGGGAAAGGGTGAGCGAGGTAGCAGCGTAATAATTCGCGGTGGGCAGGAAATGCTTAGTGTTCTGTCTCAAGACCTAAGCGACAGCGTGACCTTGTTTCACTTACCTCTGAAGCTCTTCGACGTTATAGATATTGGCATCCCTAAACAACGAGTACCTTGTGCTACGACAGAAAAGTGACCTGAAAAAAAAAAAAAAAAAAAAAAAA,0.476814516
26,31,ERCC-00051,DQ516740,B,58.59375,58.59375,0,1,0,274,TTACAATAGATGCGTTTAGAGTAGCTGGGGGAATTTTGCTCTTTAAAATAGCTTGGGACATGCTTCACGCAGAAATTCCAAAAACAAAGCACAAACCAGATGAAAGATTAGACCTTGAAGATATTGATAGTATAGTTTATGTCCCATTGGCTATTCCTTTAATCTCTGGCCCTGGAGCTATAACAACAACCATGATTTTGATTAGCAAAACCCAGAGTATCTTAGAGAAAGGGGTTGTTGTTCTCTCTATAAAAAAAAAAAAAAAAAAAAAAAA,0.343065693
27,32,ERCC-00053,DQ516785,B,29.296875,29.296875,0,1,0,1023,ACATCTGTATAAAAAACACTACAGGGTGGTAACATGGTTCTATATAAAATTAGAAGATCAAAAAACGATCCCTGTCCATCAATACCTTCAGCGGTAATTATAGGATATTCTGTTGGATTAAAATTAATTACTGGACATGGAGCTCAGAGCTTAAGCAATATGGCTGGTTCTTATGCTGGAAAGGAATTGGGAATTTACGCAATGAATAATGGTTATGAATTTAAGGATATTAAAGATATTGAAAGATTTCTTAACCAGTTAGATTTTGCAAAGATAGAGATGAATGAGGAAGAGGATGAAATTATAGTAAAGATATCAAAATGCAATCTCTGCCCAAAGAGAATTTGTGGCTATGAATTTGAAGGAACAGCATGCCCTTGGGGAGGATTGTTAATTGGATTTATAAGTGAAACTTTAAAGTATAATTTAGGCTACCAAATGAATTTAAAGCCAGCTGAAACATGTATTATTAAATTAAAGAAGAAATAAAACTTATCTAATATTAAAAAACTCCAAAATCTCATAAGGATGCTTTAATACAATAACATCCTCCAACTCCATCAATTTTCTTGTATTTTCAGCATCTATCTTTCTAACCCTCATCTTAATCTCTTTTCCCTCAATTATTGCATTATAAGGGCAAACTTTTTTACAATTTCCACATCCTAAGCATTTAGATAATAATATCTCAACAAAATTATCCCTCTTAACTATAGCTCCATTTGGACAGACGTTTATACATTTTAAACAGAGTTTGCATTTCTTTTTATCAATTGCATAAGGAAGTTTTGTTGTTACAATCCCAGCTTTATAATCAACTGGAACTATTAAAGATTTAACAAATCCTTTCCCTGCCTGAGCTATAGCATTTGTTACTAAGCTATCTGCAATGCCATTAACAACCTTAGCAACGGTATTTCCAGTAGCTGGTGAGCAAATTAAATAATCATACTTTCCTAAGCTCAATCTTCCAGTGATTGTGATGAGTAAGGATGTTCTAAAAAAAAAAAAAAAAAAAAAAAA,0.311827957
28,57,ERCC-00054,DQ516731,C,14.6484375,21.9726563,0,0.67,-0.58,274,GATAAAATTGGTTTTGCCTTTCAGCAATTCAACTTAATTCCTTTATTAACTGCCTTAGAAAATGTTGAACTTCCACTGATTTTTAAATATAGGGGAGCAATGAGCGGAGAAGAGAGGAGGAAGAGAGCTTTAGAATGCTTAAAGATGGCAGAGTTGGAGGAGAGATTTGCCAATCACAAACCAAATCAGTTGAGTGGAGGGCAACAACAGAGAGTTGCTATAGCGAGGGCTTTGGCAAACAACCCACCAAAAAAAAAAAAAAAAAAAAAAAAAA,0.372262774
29,69,ERCC-00057,DQ668366,C,0.01430512,0.02145767,0,0.67,-0.58,1021,CTAGTGCATCCTCGTGGCATCATGCGTCTCCTCAGTAGGTCTGCGACTGATCCTAGTGCAATGCGTCTGAGCCTGAGCTACAGCGATATAGCCTGGATTGTGAGCGTATTTGCTGTCAGAACCTCAGCTCATCATGTATGATGCTGTACCATCCTGCGATACTGAAGATGCACCGCTATAATGCGAGGCTCTCCGCTAAAGTGGAAGCTGCTCGTTCTCAATGCGAGCGAGTCGAATCCAATGCCGTAGCTGCGATAACGATGCCGCTGACTCTACGGTAATGCACGATCCTCTACATTGATAGCAGATAGTCTAACGGGATAGCATAAGTGCAAGGCTCCTAGCATGTAGTCACAGGTGCTCAGATATAGTCATCGCTGCAATCAGCTAGTCATCTTGTCAGGATGCTACTCACTGCGTGCAGAAGATTCGCACGACTTCAGAGGATGGCACTCGTCATTAGAGTGATGTTCTCGGATCGACACTGCTGGTCTGCGAATGACTCGCATTCACTAACATGGAGCATCGTTATCTAAAGGGGATGCACGTTATCGTCGAGTGGCCGTCATGTCTATGCAGTGCGGCCTATGTCTCATTAGCGAGTCGTATGTATCATGTCGGGCTCGAATGTTGCACACGTCTGCGTAATGGTGACCGCTAGTCCCACATGGTGCTTCGTAGCCACAAATGTCGTTAGGTAGACCGACGTTATCGCGCTATACCCGATGTCAACGCGAGTTAGACCGTATCGTCCCCAGTGCCCTAAGATGGTCAAGCGTGCTCCTACGTTAGTATCAGTTTCCCTATTGGTACGTCTGGCGTACTTCTGAAACGTGATGGGCGGCTGGTTACCCGTATATGGGCTCGGTTGACCTCTATTGGGCGTTGTTGACCCGAATTCGGTATCCTCGTCGTTAAATGGCGAACGTCGTCTGCTATAGGCAAACGTCTGTCGGTCATGGCAAATGTTACTCGTGTGTGCAAGAAATTACTCGCTGTCAAAAAAAAAAAAAAAAAAAAA,0.49755142
30,61,ERCC-00058,DQ459418,C,1.83105469,2.74658203,0,0.67,-0.58,1136,GGGAGAGTAGGGCCCACTTGTCGATTCGTTTGACTAAACATGGAGAAAGCATCCGAGGGTGGGCAGATCCGCCTAAGCAAGGTACCATTTAATCCCGGTCCCACGAAAGAGTTAACCTATACGCTCAGATGGCGCCATGGTGCGTTCGGAGCCACTTTCTGCGAATTGTCCACCACTGCCCTCTCGTGTGATGATCAACATACTATCTTCTGCGGAGACCACCACTCACGTGTGTAGGTGAGCCATGTTGAATCCATCAGGCACCCGTCCCGGCGTATGAGCGTCTGGAGGCTCACCAACAAAACTTACATAAGACCGGAACTCGAGAGTCTGGCATCATCGTGAACAGAGGCACGAGAGTGAGCTGTGAGTCCTGACTGAGCATGTCTCGAAAACTGTGATAGATTAAGCCATGGACCAAGGACCAAGAGATCGACGGGCTTGGATATTGCCGCAAGGCTGAAGGTAACACCTTCAGCTTCAAAATGCTTGAATACTCAGCCGTCCATCACTTCGACCGGGGTTAAGCTAAGATCTGGTGGCGGTAGCCCGTCAAACGAATTGGCATCGGACAAGACAAATCAACCAAAGAATCTACGGTTGCCATGCCATGGTCTGCGTAACGACACCCGAGGTCCTTTTTATGGCGCCAGGCATCGACGCTGTAAAACCCTTCCGTTGTCCTGAGCAGGTTATAACGACATCAAGCGACAGCGACAAAGAAGGCGGGAAAACTGTGGACTCCCGGCTATGTCAAATACGCTGAGTCACCCAACAGAAACGTTATCCGCTTGGCAAACGAATACATGGAAAGTGGGGCCGGTCGGATCACCAAGATAAGTGGTGTCACGAATAGCCCTCGCTTGCTCTAATCATGGGATGGTACATCGTCATTGCTATTGGATGCAAGACGAATCCTGGCAACAGCCCTCCGGACTCAGTAGGTCCATGGATTTAACTACAACAGGAAGCCGGTCAACTGTGGAAGACTACCAGTATTCGAGCTGGATAAAGAGGCTCGGCACCATGGTATAGATGTAATAGGAACCATGAAACTCCCATGTCGCAAGCACTAACAGAGCTGTAACCTCCCTCCATTAGCGGTAATCGGGAAAAAAAAAAAAAAAAAAAAAAAA,0.501760563
31,80,ERCC-00059,DQ668356,D,14.6484375,29.296875,0,0.5,-1,525,ATTTGATCGTAACTCGGGTGACCAATGACCATATACGGCGTATTAAGGTCGTACCCTCGGTCTCAACTTGTCGTATGGGACTTTCAAGTACCTTAGCTCGTCGGACGCTTTAGATGACTTATCCATAGTCCTAAGTCCGGCGCCGGTTAAGCCGCTATTAGCGTGTGTGGACTCTCTCTAGGAGCGGCTTCGCACAAATTACTGCTCAATCCTAGATACGTTGCGCTCTTTGGTAAACGGCTCAGATCTTAGCACTCGTGCAGTTCTACGATGGCAAGTCGTGCCTCGTTCTCGTGTAGAATATCAGCTAATAGGGTCGGCTCAACAGTGTATCCGGTGGACAAGCACTGACACGCGATGACGTTCGTCAAGAGTCGCATAATCTCAGAATCCGTACAGCCGCATCGGGTTCACGGCTATAAAACAGCGTCATCAGCGTAGGGTATCGCTTCGCGTGTCATGACTTGGGCCACGTCTCTTTCTCGCACATTAGGCTAGATTAAAAAAAAAAAAAAAAAAAAAAAA,0.48
32,28,ERCC-00060,DQ516763,B,234.375,234.375,0,1,0,523,ATCGACAATAAACAAAGAAATAGAACTTTTAACACCAGAAGGAAAAATATTTTTGAAGAAAATTGGTTATGTTGATTACTATGAGGCAGGTAGTTTAAAATTAGCTGAAGAAACAGCAAAAAGAGATGAGGACGTTATTATATTAAAAAATCATGGAGTAGTTTGTTTAGGTAAAGATTTGATAGATGCATATATAAAAGTGGAGGTTTTAGAAGAACAAGCTAAACTTACACTTTTAAACCTTCTTGTAAAGAAATAGTGGGGATTTTTAAATTTATTTAACTCTTTCTAATTCACTAACAATACTCCAAATTTGTGTTCTTGTGTGAAGTGGCATGTTTGGGTCGTTGCTAATCTCATCTAAGATGTGGATTGCTGTTGCACTTCTAACGATTGGCTCCTCCCCCTCTTTTAAAACAGCTTCTTTAGCCTTTTCAGCAGCAGCTCTAATGTTTCTTGGAACGGTTGTATCGTTAATTATCTCATCCAAATCAAAGCAAAAAAAAAAAAAAAAAAAAAAAAA,0.31166348
33,91,ERCC-00061,DQ459426,D,0.05722046,0.11444092,0,0.5,-1,1136,GGAGAAGCTTGGCAAACACTACCGGGCATAGATAAAGACGCGGGGCCAAGCATGCCGACATTGGGATACTTCCATGTTACGGGGCATGGAGGCGCAGCTATCCCACCCTCGTGCGCAAGATGGACAACCGAGCGCGGTAGTAATCGCGAACTGCCAGGCACTTATTGTAGAGGTGAATCGCTAACTAACTCGGTGTAAGTTTCCGTCGATGAACAGGCATCGGAGAGGGCTCTACGGGCCACCCAGTAGTGACGTCAGGAGTGCATAAGGAAGCAGATTGACCGTGGCGCAGACTCGCGATATGAATAAGACTCTAGGGGGTGTACAATTGATCGTTGCGTACGGAATCGTGCGACCTCAAAAGTTAAGCGCGAGGGTCACCTTGCTCCGCGCGAGCAGCCTTTGTCCAGGCCTAGTCCTTGCATTCGACCTATCGCACCGAGCGTCTCACCCAGCTAGTACGAAATTAACTGATAGAGATGGTTAACCCCCTCAGAGCGACTGGTTTAAGTCTAGGACCGGACAAACGGTACGATTACGTCTTAGCATCAAGTGGTGCCTGATCTCGTGATAGACAACGTGAGAGTATTTGGATGTATGGCTAGTTACGCAGAGCATGTGGCATTATTCTCATGTTTTGCGGCGGAGCGACTCAATTTATCCGAACCATGGGAGATCGTCATTCTTGTGGTGCAAAAAAATCACGGGCCCTGATACTGGTCGAAGTTGCGCCCTATGCTTACACGGCGCACGCCGCGGTGGAGCGATCGAGACCTCTCGGATCTGAAATAAACCCGCAACGTGAGGTAGTGTTACGCATACATTCGCCCACGCTAACTGATGCGTTGTATTTCTCGGAGTCTTTACCATGAGAATTGGCATATGGAAATCCTGTCATACCACGGGTCGATACTTGTTCTCCGTCTGAAGCGAACAACGAAGCATGTTGACCGTCTAAGATGATTTTTCCGACAGAGTGACGCATATAACACCTCTGGTCTTACAATGATTCGAAGACACGTGAGACGCACTAGAGGCTTAACCTGGCAGATTGTGATCTCCGATGGTAATGAAGTCGCCGTACTATCTCTTACTTGCATGACGCGACTACCAAAAAAAAAAAAAAAAAAAAAAAA,0.500880282
34,9,ERCC-00062,DQ516786,A,58.59375,14.6484375,0,4,2,1023,ACTATTGGAGAGAAAGATATCAGCCAGACCTATTTAGTAGCTCCACAGGCGCTAATAAAAGAGGCAGTATCATTAATTGGAAAGAGTGCTGTTGAGGGGATGATTAGAAGAAGTTCAAATAAATTATTCAAATAATCATAATAAAGTAATACTTATACTGAATATTCGAAATTATTATTTTGGAATTTTACAATATAGGTGATATTATGGCATTAAAATTCACCATTGAAGAGTTATCAAATCAAAAAAGAGATACATTAGGAAGAAATATTGACGTAACTGTTTTTAGATTAATAAGATTTATGGATTTGGAAAGATATTTAGGAAGAGGGGCTCATGGAGTTATTTACGAATGTGGAAGAGAGCTTGGACTGGCATTAAATCCAAAAACTATTGAAGATGTAGTTAAGTTTTGTGAGGAATATAAAATTGGAAAGGTGGAGATAGTTAATAAAGAGCCATTGTAAATTAGGGTTTATGAATGTATCTCTTGTTCTGGACTTCCTGAGGTTGGAGAGACATTATGTTGGTTTGAAGGAGGCTTTATTGCTGGATGCTTAGAAAAAATATTAAACAAGAGAGTTAGAGTGAAAGAAACTCACTGTGCAGGTTTGGGGCATGATTTCTGTCAGTTTGAGGTAAAAGTCCTTTAATGATATTTTTTCATCTCATTTATTATATATTCTAAAGCTTCAAAACCCTCTTTTCTATGTCTTGCAAAAACGGCTATTGAAGCAATCCTCTCCCCAATACTTAAAAATCCAGTGTTGTGGTAAAATAAGATATCAATAACATCAAACTTATTTTTTGCCTCCTCAATAACTAACTTCAACTTTTCTAAGATGTCTTCATCTATCTTCATTCCTTTTGATGGAACTTTTTCTCCATCTTTTAAATCATACTCCCTAACAAATCCATTGAAAGTTACAATACATCCAAATTTCCCTTTGTATTTTTCAATACATTCATCCATCTTTTTGAAAACTCTTCATACTCGTTAAAAAAAAAAAAAAAAAAAAAAAA,0.307917889
35,37,ERCC-00067,DQ883653,B,3.66210938,3.66210938,0,1,0,644,GCCGTACTTACACCCTACGTTGCTGATCTCGGCGCTCGTACATTTACACTTGTAGTTGAAGGTCGGGCGATGAGGCGTTCGTTTGGCCAACCTCGTTACATTGCACAAATGCCGGATTTGGCTACTATATATACTCCCTGATCAAGGGTCGAGTTGTCTGTGCATTAGCTCGGAGCTAATGAGCACGTCGGTCACGGACACTGCGAAGCACGACGAAATGGCTCTCATTGCGATTGTGGCCCTTGTTGCAGACAATTGTCAGGCGGGACGGGCCAGGAATGACAATAGAACATTAATCTAATTTACAATTTGACGCCATGACGTATTAAACATTCGGGCATGCAAATCACCGATTTTAAGATCCCCTGTACGGCTGCGTCCACACTAGCATGATGTAAATCGATTTGGCGGTGACCGCTGATCCTTAACAAAAGGGGGTGGTTCAAATGTAAAACAAGTAGGTGCGAGCAAACGTCTGGTGCTCTAATGGCAAACATCTGCAATCAGCGAACCTCGCGGTATGGCAACTCACTAATTGTCCGTGCGACGACAAATTACCGAGGGAGGCACTTATGAGTTATCTTCGCTGTGATATCTCCTTCGACTAGCGCGGTCAGTCCAAAAAAAAAAAAAAAAAAAAAAAA,0.472049689
36,84,ERCC-00069,DQ459421,D,1.83105469,3.66210938,0,0.5,-1,1137,GGGAGAAGTACCAATATCAGACTCCCGAGACATAAGGGGTGTGCACGGCATGGATGTGTCGCTAACCTCCTGGTCCTATAAAGCAACACTCATGGCACCGTGTGCTGAAGGCTCCAAACGGGTCGATACCAGAAGGGTCGATTCTTTCTTCCAATACATTGTCGGTGTCAATGCTGGAGGCCCAGGAGACGAAATCCTCGGTCAGGTTGTTACTTGAAGGGTTCAACACGAGCTCAAATTTGTCCAGGGGTGGTCACCAGCGGGTCTCGAACAGAGGTGAAACGGGATAAATACCCGAAACATTCATAACCCTGCCAGTCATTATAAGCAAGCCGCTGACTTGGACACCACAACGTGTGGAACCTCAGGTAAGCTGGTCCGGGAATCTTGGTCGCGAAGCGACCCCATTGAGTAGGCAATCCAAACCCTGCAAACAATAGGTGGCCATCCGGTCAAATAATGTGGGAGATGCGCACATCATGAGAGCGACGTATTGAACTCAAGGGACGGTGGTCCCAGGAGAGGGATTACCACATGTTGAAGCTCTTTCAAATCGATTATCCCAATCTGCGCACTGTAAGGTAACCAACCGCAATAATCCCCAGAACACTGCCCTGGTATCTATCGATTTGGAAGTCCAGACTCTAGTGATGCCGGCTGGTCGCGACAAGAAAACATAATTCGCAAAGGGCCCCTGTCTCATTTGGCGTCTTGTACCCAAACACCATACTTGGGAGGGTGTTGCGGCCGCATATCAACGACTAGAGGCCGTCAGAATGAGTCTTCAACACATATCGCTGAAGAAATGTCACTCCCATGGTGGCTGATATAGAAACATATCCTCGCGGACTTCATCGCCGGGCACAAGGCTACAAGATGGACTGGAACGCCGTGTCAACCTCGTAACAACTCCCCATGCAATTCACTCACCGAGTAGCCTATAATGGGGAATGTAGACGGGGCCCTATCTCAAATGTGTGCACCTCTATCCCCACCAAGTATAGTCGACTTAAGGGCGGATCAAATGGCGCGCTGCCATACAAATCCGGTTCCAAGCATGACTCATGGGCAGTACGCCGGTTAGTGGGAAATACGGCTGTCAAACGCTGGTCCAAAAAAAAAAAAAAAAAAAAAAAA,0.502198769
37,54,ERCC-00071,DQ883654,C,58.59375,87.890625,0,0.67,-0.58,642,CATGCGAGAGGCCTTGAGCCGTTGGCCGATCGCATACAGAGACTATTGCATCAAGGTAACACTTATTAATCCCCATCGTCATAATCGCTAGATTCTAGGTATTTCGGATCTTCCTAGTTATCAGAAACATGTTAATTGGGCTCGGGCGTCTGCGCCAGGCCTTCGTAGTCCATACCACGATCTGTATTTTGCACCTTTCGCTATGCTGAGGTTGTTGACATAAGGATTAACTGCTGTGGTGTGTCATACTCGGCTACCTCCTGGTTTGGCGTCAAACAACTTCCAAGATTATCTCATACTATAAAAAGACGACATGCACCGCCGTCCTTAAGTGCTTACGACAGAGGGTCGTTATCTCTCTCGGTCTCGGTGCGCCTCTTCACGGAGCAGCATGACCTGCTAACCTGCATCAGCCAATGTCCCGTCTCGAGCTGGCCTACGGATGCGTGAGCAAAGGTGCTAACTCTTTTCATAACCCGGAGATGAACTACCACGCTTCCTGCGTGGGTCCCGCGAAAACGAAGCAAGGAGATTCTTCGCGACCTGGCCCATTCACTACATAACAGAGTTAAGACTTAGATCAGCGAGCAGGTGTACGCCCCGGACCTTGGGCTACTTAAAAAAAAAAAAAAAAAAAAAAAA,0.484423676
38,40,ERCC-00073,DQ668358,B,0.91552734,0.91552734,0,1,0,603,TGTGATAATTTCGACGAGGCGTTACATATTCTGAGAGGGGTGATTAAGTCTGCTTCGGCCTGGGATGGTCTGTCTACGTGTGCGTAGTTCTGTCATAGCGTCGAGGATTCTGAACCTGTCCATAGTATCCTGTAAGCGTCCAATGTACCTATATCGTGGACCCAAAGTCGATACGTCCGATTAAGCGACGTTGGTCTAGGTAACGAATTATACCCTCGGGTTACGAATTATGGCTGTGCCTAACGAATCTGGGACGTGCCTAAGTAATCTGGTCCGCGACTAAGATGTACGGTGATCGTGGACGCTTGACCGGACTTATGCGTCGCCTTCCGAGTTATTGGATGGCGTTCCGTCCTATTGGATACTATTCCGTGCGTGTGCGACACGTTCCGAGCATATGCTAACAGTTCCGTCACTATGTAACGCTTGACGTAGATTGCTATCAGGTTACGATGACTGCTAAGCCATTACGCGACATTCTGCAAAGTTACGTCGCATTCTCTCACGTTACGGCTGATTCTCTAGGCTTACGCGCATGAGCTCTAGGTTCCGGGTACTATCGAACGTGTCATTGGTACTAAAAAAAAAAAAAAAAAAAAAAAA,0.470978441
39,47,ERCC-00074,DQ516754,C,15000,22500,0,0.67,-0.58,522,TGGACATTAATTAGGGCTGAAAGCCCTAACTTAATGGACGGGAGGTATCCCAATAGGAGGTTTCCTCCTATGGTTTTCAAAACAATCACCATCATGCTATTAATGATATTAAAATCCCAACTATACCAAAGAATATCCCAATTATCCATAAAACTGTAACTAAGTGAGGCTCTCTCATTGGTTTATACTTCAATATAAGCCTTGGTAGGGATAGATAGCCACCTATATAGTATAGCTTCCCATCTTCTTTGAGAGTTGTTGGTTTATGCTCATCCCTACTCATAACCCCAGCACTTAGATATTTTAAAGAGGCATCTATCACATAAGGCATCATTATAACTAAAAATGGGATATATTCCTTATAAACTACTGCTAAGACAGCTAAGAAAGCTCCAATTGGTAGAGTTCCAACATCTCCTGGAAAAACCTTTGCTGGATATTTGTTAAATATCAATAGCCCTAAATAGGATGCAGAGAATATCAAAGCGGAAAAAATCCAAAAAAAAAAAAAAAAAAAAAAAA,0.346743295
40,46,ERCC-00075,DQ516778,B,0.01430512,0.01430512,0,1,0,1023,TCCTACACGTTCCCTCATCTGAAACCATACAACTACCAACTGGATTTAATGGAGTGCAAACCGTTCCAAACAATGGGCAGTCAGTTGGCAGTTTCTCTCCTCTCAAAATCTTATCACATATACAACCTTTAGGAATTTTCTCTTTAATCTCTGGAATATCCTCATGCTCATAGATGTCAAATTTCTTATACTTCTCCCTCAATCCAAAACCACCATTTTTAACAACTGGGAAACCTCTCCAAGGAACATCTATGCTTTCAAAAACTTCATTTATTATTTTTTGAGCTAAAACATTACCTTCTGGCTTAACTGCTCTAATATATTCATTTTCAACCTTTGCCTCTCCACTGATGACTTGCTTTAAAATCATTATTATAGCCATTAACACATCTATTGGCTCAAAGCCAGCAACAACCATTGGAGCTTTGTATTTTTCACACAACCCATAATAAGGCTTTAATCCGGTGATTGTTGAAACATGTCCTGGGCATATAAATGCATCTAAATAAACTCCCTCATTTAACAAGAACTCCATAACTGGAGGAGTCTGCCTGTGGCAATTTAGGATAAAGAAGTTATTAACATCTTTATTTTTTAAACTTATTAGTTCAGCCCCAGTAGTTGGAGCAGTGGTTTCAAGACCTATTGCCACAAAAACAAACTTCTTATCTCTCTCCTTCTTAGCCATCTTTACTGCTTCACTTATACTATAGACAATTCTAACATCACAACCCTCAGATTGCTTTTCCATCAAAGATTTTTCACTTCCCGGCACTCTATACATATCTCCAAGAGTGGTTATTACATATCCATTGTCAGCTAAATATATGGCTGTATCTATCTCTTTTTGAGTTGTTACACAAACTGGACAACCCGGCCCTGGAACAACGGTTATATTCTCTGGCAGAACATCCCTAATCCCATACTTACAGATCGTGTGCTCATGACTTCCACAGACGTGCATAATCTTTAATTTATCTTCTTCTCAGCAAGTTTGTTAAAAAAAAAAAAAAAAAAAAAAAA,0.362658847
41,51,ERCC-00076,DQ883650,C,234.375,351.5625,0,0.67,-0.58,642,CTCCTCATGTGAGCGGATCACTATCTACAGCTGGTAATACTCTCAGAATTTCTAACTACCAGTCGTAAAGTAGGCGAGCGTTGGTTGGTTCCTCTTGAAGCGAGAGAACCAAGGTGCTGGCTATTGTCCGCCCCGTCTACGGCTAACGCGGGGTTCTGCCATCCCGGTTTAGCGCAGAATAGTATTAGTCGGTCAGTGGACCCCCTCCTGAATATCTATACTTAGCGGCGGATTACCCGGCCCTCTTCATTGTCGAAAGATTGGGAACCGCCTCTGGCTGTCACGCCCCCAGGCCCTAGGTGAGGTACTATGTGAGGTATTTTTTCAATGTTAGATCATCTATGTAGTGGATCTGAGAGATCACGTGGACCAAAGCTGATTGATTACGGGACTGGCCGTAAGTGCTGCCCGCGAGTAGATCGTCTAGATCCGGCTAAAATTCCCTGCGGTGCCTTAGCCACCACTCCTACGACGGGCCGCATCTTGGTTATTCTCGCTAGACACGGTTCGGGAAGTGGAGCATCGTTAGCTGCCAAGATGTGTATGTTGTCGCCACTCTCGCACCGTTTTTATAGTCGTTCTATTAGAGATGGTTGCACATGGGCGTTTCTCATCGGTAAAAAAAAAAAAAAAAAAAAAAAA,0.496884735
42,83,ERCC-00077,DQ516742,D,3.66210938,7.32421875,0,0.5,-1,273,AGTTTTTTCACCTTATGACTTCTCACTCCATACGAAAGACAGATGGTTTGCTCCCAATGAACCCAGAGGGAGTTAAGGTTGATGATTCCCAAGTCCAACATGGAGTTATGCCTATAACGTCATGTTGGACAGACCCCTGTATTGAGCAGACTTAACTTATACTGATATACAGCTAAAATTTGAACAACAAATCTCTTAAATTTATTGTTGAGAATAAAAAGGATACTATCTTATCCAATATTGTATTTCCAAAAAAAAAAAAAAAAAAAAAAA,0.32967033
43,78,ERCC-00078,DQ883673,D,29.296875,58.59375,0,0.5,-1,993,GGGGAATTGGATTTGCAGAGCATATTAGCAAGTTAACGCCGATCACTCTCCGGCAGTTGCTCCATTAAATACGGGCCTTCGCAATCGCGTGTTGTTACACATAATGCCGGTATCCATCTACTATCGCCGCCAGGTGCAAGAAATGCATATCCCGGCCTACCCCCTTAGCAATCGACATTTGTCTTTGCTGGACGCGCATGATTGAGTTATACGGAACTTCGCAAAAGTATTCCCTTTGTGGTCCGTGCGCCATGCTCCTCTGGGCGTAGCTTACAAGGACTAGGCCGTAGCCTGTAATTAGGGAACCGAGCACCAGAGAATCAGGGTCACAGTGTGTGGTAGACGAAATGATCGTGGGCTGAGGGAATTAGGAGGCGCCGGTCCAATAGTCGATAACACCTGACGGAAGTACGGCTGCAGGATCTAATCATATAGTTCAGAATTGCACGCGCGTCTAAGAACGGACCAGTGTAGACACAATACAACTTAAGCGCAGATCTGAGAGAGGGGTGCACAATCCAGGCAAAGTCCGTTAGAAGGTCAACCTTGTGGGTGCAGCGCTTTGCTCCTAAAGATTCGCTCCTCGGGAGCGACGCGACTGCTAGGGACTGGTAAAACGTTGGGCGCTGTCCAAGGTACCCTCAGTCTGTATTTCATGCCCTCAAATATGCAATCCCGACCCGGAGCCGGCTTTAGATTTATAGCAGAGGGTCTCCGAGGACTGTAATGTCTTTTGCGAGACAGGAAAGGTTGGGCGGTGTACGTCACCTCTACGGTCGAGGCTTGGGTGTATCATGGAGTAATCTATATTCCTTACACGCTTGCTTGCTCCTACCATACAACCACGCAGTCATTACGCGTACATATACCAGCAATTCTTCTACGGACCGTTAGGAAGAAAATGAACGGAGTGGCTGGCCCATAATTTCGCACCCGAAGCTACTGGTCGGACCCATCAGCGCGTGTCGTAAAAAAAAAAAAAAAAAAAAAAAA,0.500503525
44,77,ERCC-00079,DQ883652,D,58.59375,117.1875,0,0.5,-1,644,GATGTTGGAGTTAACGGAGACCCGCCATCGTTTACGAAACAGGTCGCAGATAAATGTGGAGCAGATTTACGTTGAGGGCCTTCTGGGGACCCAAAGGATGAACGGGGTGTTGTTTCAGAGCGAATAGAGCGATCACCAACGCGCACGTCTCTTTTTAAGATTGAGCGGCTAGGTGTTTCCTACAGTAACTCAATTAGCGTGAGCCAAAGGGCGGAGCCACGGGCCAGTAAGCTATTTAGGGTTTACATGGCTCGATACCGAAACGTGACCGGTACGACGTTCATTTCCTCTGCTTTGGAGTTATCAATTCGTGACCCCGATCATCCAGTCCAGAAGTCGCGGCCCGAAGATCAAAGACGCTACTGACTTGGACTGGTACGAGAGCCCGAGAGTTTAGTGTGCGCACCCCACGTATTTTTTCGCGTCGATCATGCTTAGATTTTAACAACCCGCGGGCCGAAGTTTGATAAGCGTGTTCTAGATTGGAACTTACCACTGTTAAATACACGACGCCCATCTCCAAATCGCACGCAACAGGGGGCTTCCACCAGATACTCCCCAGGACAGGTGGAGATACCAACCACGAAGGAGGTCTCGTGCTGAGCCTTCGTCGATATACCAAAAAAAAAAAAAAAAAAAAAAAA,0.49378882
45,89,ERCC-00081,DQ854991,D,0.22888184,0.45776367,0,0.5,-1,534,TTTATGCGGGGTGTTGTTGATAAGACTTCCTAGGCACGCGGACCAAGCACGTTAAAGGGAGGTTCGCTCGATCAAGAGATCCATACAGCAGGCTCCTATCAGTCTATCTGACGCCAGTTGCCATTGGACGGGATGTCGAGGGTTTGCGGTGGGGAACGACCATACTTACTGTCATTACGACGTGCGGGGAAATTGAGGTTAAGTTGTTTGCCACCCTACAATAACGAAGAATTTAGCCACCAGTTGGCGTTAGAGTTGTCAAGACGTTGGCGTGATGGGATGAACGTCGCTTAAACGTTGGTTCAGGGCTCCATATATACATCTGCCGTGCCCCCCTTAATCTCCATACAGACCCCCCAGGCGGAATGATAAGTCGATACCAGGACAATGACGGCTTCAACGTTTTCACTTTCCGCAGGTGGCGACCCTCTAGTTGCACGCTGGTACATCAGACACGTACACACGCGCAGTGGGGTGTAATCAAGCAGGACCATAACTGATAGTTCACCAAAAAAAAAAAAAAAAAAAAAAAAA,0.486891386
46,23,ERCC-00083,DQ516780,A,0.02861023,0.00715256,0,4,2,1022,GAGTTTATAGTCTTTTTTTGATTGCCTCAACTAATGCCTCCTTTGTAGGAGCTCCAATAAACTCAACATCCCCATTTATTACAATTGTTGGAACTGCCATTATCCCATATTCCATTGCCTTTTGAGGATTCTCCATAACGTTTATGTATTCTACTTCAACAGCATCCGGCATTTCATTTGCTACCTCTTCAACAACTCTTTTAGCTGCAGGACAGTGAGGACACATTGGTGATGTAAAAAGCTCTATCTTTACCTTTGACATACTAACACCTTAAAAACCTCTTAAGTTTATAATAAAAATTTTATCCAAATTTTTATAAATAGTTTTCCAAAAATAGAATATTAAATTATAGGCTAAAAATTAATGACCACATGTCCAAACTTGTCTGAAGTGTTCAATTGCTTCAACAATATCCTTCAATTTCTCTGGTGGGAAAGCTACAACAACTTCTTCTGGCTTAATTCCAGCGTATTTTCTTGAACCGTTACAACCTAAAGTCATGTTAGGAGCTTTTCTTGTATAAACTGCCGCTACAGCATCAGCACACAATGACTGAATTCCTGAGAAATCTGCCTGGAATCTTCCACCTTTATGGTAGAGTATTGCTTGAACTAACCTCAACGCATATAATGGCTCTCCAATAAATACAATTGAGTCTGGAATGAAGTCGGTTTCATCTAATGGAGCATAGACTGTTGCATAAATTTCCTCTTCAACTTTTGGTATTGCATCAACTGTTTTTTTAGCTGCCTCTTCATCTTTAAAGTTTCCTAATTTGACATATAATTTTCCTGTTGCTAATGGTTCTGGTGGGTTTCTAAAGACCCCCATTGCATAAGCTCCTCCCTTACAGAGGTGTTTATCAACTGTTGCATATAATTTTTTTCTTTCTAATCTTGCCATTTAAATCATTTCACAGTGTCTTTTTTCTTCGTCTAATGTTTCATAGCCTTCTGGAATTTCTTCCTTTGATTTTGCCATTTTACAGCGACAAATGGAAAAAAAAAAAAAAAAAAAAAAA,0.345401174
47,55,ERCC-00084,DQ883682,C,29.296875,43.9453125,0,0.67,-0.58,994,GCGAATTGTCTGGGGCCTCGTTGTGACTATCCTATTACGGGGATCTCAGGTGTGGTATCCCTGGTTGAGACATTGGACTAGTGTAATTGACAGTCATCGTATGCGGGATACCTCAAGTTGTATTCGAGGGCTTATCGGTGATACTGTGTAATCCCTTCGGCGAAAGATGTATGCGTGAGCATTAAATTTACGTGTTTCCTATATCGGACGCCTAATCTTTACCCGAGAAAGATATCTCTGTAAGTTTTCAAGCAACCGCGTCCTAATGTATATAACTTGGATCATCAGATAGGCCCATTACACTCTTCGGTGCTGCCGATATCCGACGAGCGGGCTTTTCGACTTGATCAGCGCTGTGGGTAGAGCTTGGATAAGCGAGGTCAGTCAAGCGATTCGTTGCCTCCGGGTCCCACGTAGATCGTTTGCCTGCATTTTATAGGTAGTGGCCTGCGTTCGCACTCCGAGGCACTGGGAACGATCCTACCAACATAACGGTCGAACTCGGTGTCGGATGACCCGGACGGGACGCCCGCGCTCACACAGGTATCTGGCGTGTACACCCGAATCGGCGGGGCTCGGCGACACAAAATGCTTCTAACTCGCTGTGAATCTACTGCAGAACTATGGGTTTGCTAGCGCGCCGGTATCTACCAGCAAAACATAGGAGCGTGGCCGAAACTGGGTCACTGAGTGGAATATATCCGAGTGCAGCTGCCATTAGTGGGGCGGTATCGGGCGTGATTGAAGGTAGGCTAACATTAGTCATCTGGTAGGGCATATTTTACAAACGGTCTAGGCTGCGGTTCAGATAGGGACTGATATACTTGATGTGCCCCCGTTCTTCAGCGTGCAGCTATGCAGCGACAGACGTTTGGAGCCTTAATCAAGTACGCATCGGAGCATACGGTCACTGGGGCATTTGCAGTGAAATTAACCATCCCCGTTCCCGCTTCTCAGTTGCAGGGTGGGGAAAAAAAAAAAAAAAAAAAAAAAA,0.503018109
48,14,ERCC-00085,DQ883669,A,7.32421875,1.83105469,0,4,2,844,GATTCAGCCTGACGTACATAGACGAGATAGGGTAAGCCTATTGCAAACCTCCGCTTTGCTACTACAAGGACCTCGGAAGTGTGGAGAATCGAACCTACAATTTTGCCAGGATCACGCCGGTTATCTCTTGCAATTCCTAAGATGGAGGATAGTTTTGGAACCCAATATCCCCAGCCTACGGTTTAGGTGCAAGAATAGAGCGTACCAGGCGTCGCCCGCGGCCTTATGTAGTCTGTATTGTTGAATTAGCCTTCTTCAGAGGGCCTAACGCCAGCACAACATGCTTACCTGGCTAATTGACTAAGTGCTACGGTACACAACGACTACGTACGTAGCACACAGTTGAGGTTATCTCTGAGCGCCCCGTTAGAACTGAGGGCTCAATTATAGTACCTTAACTGCGTTGCGCTGTCATGGGAAGGTATTTTAATACGGATTCATTACCGCTCCACCGGCAGCGTTCCGTTACATCCAACTAGGTGGACAAACCTGCTCATTCAAGGGCGCCTCCATCGCAGGGTTGCAATTTATTTTCTAGCTAGAGGTGTAACCATGCCGGCAGCGAACGTCCGCACTAGCAGGTACACAATCAGGCATCGAACATGTACTCATTAGTTCCGAATTATAAGTCGGATACTTGCCTTAAGTCGCATCTGAATCATAGCCGCTCCATTGCCGAGTAGACGGGATCTGCTGTAGAATGGTAATCAGTCTTACCCGTGGGGTCGTTCTGCCCGAGTGCTGCATTCCGCCTACGCGCGGTATTCAACAAGGGTAATCCCTCCGACAACCCTCAGTGTTATCATCCGCGTCAAGGGGGAAAAAAAAAAAAAAAAAAAAAAAA,0.485781991
49,90,ERCC-00086,DQ516791,D,0.11444092,0.22888184,0,0.5,-1,1020,TTTCTCTTGACTTTTTCCATAACTTCCCTAATTGTTCTATAATTCTCTTTCAAAGAGTCCTTATCATAACCAAATACATAAACTCTAACTCTATTTCCTTTTGATTCTATTGTGCAATCAATGTCCATCCTTGATAATCTCTCACAAAGCTCCAAAAGCTCTTCATCACAACTCACTTTTGATGAAATAATCTTTCTCATAGTATCGCCAAAATAATAAAGTAAATTTACAAATTACCATAGCTTATATAATAAAGTTTTGCATGAACAAAAATGTTGTGGTGATATATCATGGACGAATTTGAAATGATAAAGAGAAACACATCTGAAATTATCAGCGAGGAAGAGTTAAGAGAGGTTTTAAAAAAAGATGAAAAATCTGCTTACATAGGTTTTGAACCAAGTGGTAAAATACATTTAGGGCATTATCTCCAAATAAAAAAGATGATTGATTTACAAAATGCTGGATTTGATATAATTATATTGTTGGCTGATTTACACGCCTATTTAAACCAGAAAGGAGAGTTGGATGAGATTAGAAAAATAGGAGATTATAACAAAAAAGTTTTTGAAGCAATGGGGTTAAAGGCAAAATATGTTTATGGAAGTGAATTCCAGCTTGATAAGGATTATACACTGAATGTCTATAGATTGGCTTTAAAAACTACCTTAAAAAGAGCAAGAAGGAGTATGGAACTTATAGCAAGAGAGGATGAAAATCCAAAGGTTGCTGAAGTTATCTATCCAATAATGCAGGTTAATGATATTCATTATTTAGGCGTTGATGTTGCAGTTGGAGGGATGGAGCAGAGAAAAATACACATGTTAGCAAGGGAGCTTTTACCAAAAAAGGTTGTTTGTATTCACAACCCTGTCTTAACGGGTTTGGATGGAGAAGGAAAGATGAGTTCTTCAAAAGGGAATTTTATAGCTGTTGATGACTCTCCAGAAGAGATTAGGGCTAAGATAAAGAAAGCATACGCCCAGCTGGAGTTGTTGAAAAAAAAAAAAAAAAAAAAAA,0.32254902
50,6,ERCC-00092,DQ459425,A,234.375,58.59375,0,4,2,1124,AGATGTATATATGATGTCCTTGGACGGGGTGGCGCAGTATTACTGCAAGAGAGCGGACAGATTAGTGTGTTGGAGCCGACACATCAAAGGTTCGTCCGGGGACCGATCTGCAGCCTACGGGACATTTATCCGTAAAAGCATGGCGCTGTTTCGTACTTATCGGAGGCCAGGTATCGTCGCGGCGAGTCTCCCCGACGACGGAGATGGGCGTTACTATCTGGGCCGTCTCGTACTCTGTTACTTGGCACAGATGCGAGCCCTCGTAATGTGCATCAGCTAAGGGCGATATTATAATGCGACGTTTGTACGGATTCGTTACTAACGTGTTGGACGCTAGTGGAATATGTGTCGTTGGTTAGCCTACCCATGGCTTTCGCGGCGACACATGCTTAGACTCTTTCAAAACTTCGGTGAAGTTCACTCAAGCCGCGGAGCGCCGTCGTAATTCACTAGGGATGGCGGTACCCGTGCCCGTCCGATTCGTAGCAACCTGCATCACGATTTTGTCTTCGGGCGACTTATCAGATACGGTAATGTAAATACCTGGCATTTGGGCACTTCTTGCGTTTAAGCGGGAAAGATCGCGAGGGCCCGCTATTTGCGATACTTCCCATGTCGGTGCCGTCGCCTCTATGTACTCGGAGACGTTAATGCAGAGGCTAAGGACAATTTACCATGACTCGGTAATCCGTTCGTCAAGCAGGTAGCTCGAGTCTCCCCACGGACACGTAGTGGGTTTGTAACGATCGATACCGAGTCTTTTTGTCTAGTAGAACCAACCAACCATTAAGGAGTTCACTAGCACATCTTTGCGACCCGATCGTCCGTGTGTCGCGTAATACTTTTGTTATGACGAGACATACGCTCAAGCCCTGGGTAGCTAGTCGCGGAGGCACGTTACCGCGCACAACCCCTATTCGTTTACATGTACATCGCATCTGAGGTAGTACACTTCCGGCGTACGTGAGTATTTGCGCGTAATAAGCGCGTGTTTAGCTGATCCCCTCTCGTATCGAGGTTAAGGCAGATTAGTGCCCAGTAATTGCGTTTTTTTGTCGTTGTCGCAGAACGCGATTTGCTCCGAAAGCTTTAAGCCGTGGAAAAAAAAAAAAAAAAAAAAAAAA,0.501779359
51,7,ERCC-00095,DQ516759,A,117.1875,29.296875,0,4,2,521,TTGATGATGATACTTAACCAAACCTACCACTAATGTAGTCATCTGTCTCCTTCTTCTGTGGATTTAGGAATATCTGCTCTGTCTCTCCAAACTCAATTAATTTCCCCATTAAGAAAAAGGCAGTGTAATCAGAAACCCTACTTGCCTGCTGCATGTTGTGGGTAACAACAACAATCGTATAATCTTTAGCTAACTCAACCATTAACTCCTCTATCTTTAATGTGGAGATAGGGTCTAAGGCAGATGTTGGTTCATCCGTCAATAAAACCTCTGGCTTAACCGCTATCGCTCTCGCTATACATAACCTCTGCTGTTGTCCTCCAGAGAGAGATAGAGCGTTTTTATGCAGTTCATCTTTAACCTCATCCCACAAAGCCGCTTTCTTTAAAGCCCACTCAACAATCTTATCCAATTCTTTTTTATCCTTAATTCCATGAATTCTTGGGCCAAATGCAACATTATCATAGATGCTCATAGCAAAAGGATTTGGTTTTGAAATAAAAAAAAAAAAAAAAAAAAAA,0.372360845
52,24,ERCC-00096,DQ459429,B,15000,15000,0,1,0,1107,AGATAAAACGAATAGCTCGTAACCAAACATGCACAGCGGTCAAACAGTATGTCCCAAGGGGACTTAAGCGCGGTGGCCTCCCCTATCCCCTACGAGGCTACCCGGATCGATGACGCGAATTGGGGACATTCAAATGAGCATCCTAGTCACCGCGTTTAAAATGAACCTGCCGGCTGATCGTTTTTAGGATATTGTGAGTAATATAGATTGGCGCTAGTAGATCACAGAACAACCGCCGCATACGGCCGATTGTCGCAGCCCGGGTCGATTATAACAACGGTGCAATCTCAGCTAAACCGACGCAGTTTTGCTCCTTGGATTCTGAGCCCGGGCATCGCCCCTCGTTTATGAACTAGCCTATCGCAGACGGTATCAACAGGAACATCCTCGTGTTAGATATTGAGGCTGCTTCGTGTCGGCACGAAGTGTCTTCCGATGCAGTGTCCAGTCATGACCTCGATCCATCGCGTATAGGGACGCCCCCTGCTCGCGTTACTGCCAAGCGAGCGTGGTGTGGTGCCCCCGACCTACAACTTGCGCCAATTATCGAGCTGGTAGACGACCAGCGCTGACGAGCTGGCGCAATGACGACCTAATTGGCGCACAGTACTAGGCATCGTCATCCAATGCGACGAGTCCTACACTATCTTGGATATGATATGGCGCACTACACATGCTAGCCGCTGGGGAGATTAGCTCGAGTTGCCCCTTTGCCCGATCCCGGAAGATACGCTCTAAGCTCGGCAATCGCTCTTGCCGTGCGAGATGCTAGCAAAAAGGTGTACTTCTCAGCGGAGCAGAAAGATCATGTTTATTGGAAGCATCAACCTGCGCCGTCTTGTTAACTTGTCATATCGCGCACGTAGTAGCCTAGAGCGCCAGGGGCGGAAATTCGCCTGAAAAGTTTTGCCGGCGCACAAGCACGATCGGCTCCTAATAGGAGGTGAATTAGATAGGGAAAAGATCGGGATGCTACTAGTTTACTGCGTCACGCTGAGGGACTCATCCTGGGCTACAATCCTATTGCCGAGATAGTATTTCTTAGCTTCCTGAGGGAGGTCAATTTGAATGTGGTTATATGCGAAAAAAAAAAAAAAAAAAAAAAAA,0.509485095
53,19,ERCC-00097,DQ516758,A,0.45776367,0.11444092,0,4,2,523,CCTTCATAATACCACCAAAATACCAATTCGAAAGTTTTAGCATATTCAAACAATATAAAATCTTCAGATTGGACATTAATTGGGACTGAAAGTCCCAACTTAATGGACGTGTGGTATCCACACCATAAAGGGGCTACGCCCCTCTTGGGATACTCCCCTAATATTGCTAATTTACACCTCCGAGCATAAGCGAGGAGGTGTTAGGTTTTGATGAACCTTTTACTAAAAGGTTCATACCAATAGGAGGTTTCCCCCTATGGTAGTTAAATGTACATTGGATATTCCTTTCTACTCTTTGACATCATCTTTAAATGTTGCTCTGCCAGTTCTTTAAGTTTGTTTTCAATAGCTTCAGCCTCTTTGATGAGATTTTCAATATTTACATTTAGATTGAACATTTTATTCAAAACCTCTAATAGATTAGCCCCCCCTCTTGGGTCTGGTCTAATTCCAACAGTTTCAGCCAACAAACCAATAGCATCAAACCCATGTCATGGCAAAAAAAAAAAAAAAAAAAAAAAAA,0.361376673
54,68,ERCC-00098,DQ459415,C,0.05722046,0.08583069,0,0.67,-0.58,1143,GGAGGTCGCAATTACATCGGTTCCTGTCCCGTAGAGGCTGGAAGGGGCATAAGAAGCAGTGATACCAACGCTCTCCCCCGCGCGTCTCGTGAGAGCAGACCATGAACATCGCAGAGGAGAATCCTGCATGACTGAATGCGCAGAGCAACTGTCACCACGTGGTTAATGAGAAGGCAGAACTCAACAGACAGCTCTGGATCTGCTGCATCCCAGGGCAAGAATCAGGAAAGCAGATGCAGTAACCATAGGCACGTGAAAATGCTCCCGGCCACACTTTGGAGCTATTACCATGGTCGGGCCCAAACATAAGTGGACAGCTAGAACGATTTCTCAAGCCTGGCAACGTGGGTTAGAACTCCAACCCCTCGCACGTAGTATGGCGCTGGAGTAAAGAGCGCTCTGTTAGCAAGCGACCAGTCTCCCGAAAGTACAGGATGTGCATGTTCTAACCAAAGGGTCGCAGGGACGATGATTGCTAGTAGCTTGACAAGGCTATCCTAGTCATCCTGAATCCGGCCTATCAAAGGAATGCGTGGCAGGTCAAGTGACGAGAGTGGAAGAGCTTCCCGTTGACAAGCGGCAAGTAGACTGTGCCTACCCGGGCTTTCCAGACCTAAGATATCTGCATTCAGCAGAGTGTTGTGTTCGGGGCAGCAGTGTGCCTTCATTCGTCAACTGGAGCCTAAGGCCCCAAACTCGATCATTGATGACTACTCGACAAAAGAGGGTGGTATACAGAAAGAGGCTTGTGTCGCCGGAAACGCTTATCCGCACAGTAAAACCTCCCCAGATGACCTTCTCCCTCATAATCACTTAATCTGAGCGCAGGAGGCAGGCTGTATTAATTCCGGCCTCCAACCGGACCGTGGAACGACGCGACCAAGTGGTCGACGGGACATGCCCAGTATTTGGCCGTTCTGCCGATTCTCAGCTAGCAAACCAAGATCGTACTACGTACGCGCCTGGATAGATCGACGGCTGTTTAATAAGAGTCACTCCAGGCCTGTGCTAGGATCAGGGCGACCATGCCAAATATCAACTCAAGGACAAGTTGACGCCTGCCTTCTGGGGTATGGATCAAAAGCCCACGTTACCATGTAAGACCGTGTGGATTTTCGAAAAAAAAAAAAAAAAAAAAAAAAA,0.514435696
55,56,ERCC-00099,DQ875387,C,14.6484375,21.9726563,0,0.67,-0.58,1350,GGGGATGCAAATGAAAGAGGAGACATTTTATCTTGTCCGTGAAGATGTATTGCCCGATGCAATGAGAAAAACATTAGAAGTCAAAAAGCTGCTTGATCGAAAAAAAGCAGATTCAGTAGCAGATGCCGTTCAAAAGGTCGATTTAAGTAGAAGTGCGTTTTATAAATACAGGGATGCTGTTTTTCCATTCTACACCATGGTAAAAGAACAAATTATCACACTTTTCTTTCATTTGGAGGATAGGTCAGGTGCGTTATCTCAGCTTCTTCAGGCGGTAGCTGATTCTGGAAGCAACGTTCTTTCCATTCACCAGACCATTCCGCTTCAAGGCAGAGCAAATGTGACACTGTCTATCAGTACGTCGGCATGGAAGAAGACATTCATACATTAATGAATAAGCTCAGGAAGTTTGATTTTGTAGAAAAGGTTGAAATATTAGGTTCAGGTGCATAAGGGAGAGAAAATCGTCATGAAAGTCGGTTATTTAGGTCCAGCAGCTACATTTACACATCTAGCAGTCAGTTCTTGTTTTCAAAACGGCGCCGAACATGTTGCTTACCGCACCATTCCGGAGTGTATAGATGCAGCCGTTGCAGGCGAAGTTGATTTCGCTTTTGTTCCTTTGGAAAATGCTTTAGAAGGATCTGTTAATCTAACAATAGACTATTTAATACATGAACAGCCTTTGCCAATCGTGGGTGAAATGACGTTGCCGATTCACCAGCACTTGCTCGTCCATCCCTCAAGAGAGAATGCATGGAAAGAGCTCGACAAAATTTACTCACATTCACACGCGATTGCGCAATGCCATAAATTTCTTCATCGACACTTTCCTTCCGTTCCATATGAATACGCCAATTCTACCGGGGCGGCAGCAAAGTTTGTCAGTGACCATCCCGAGCTGAATATCGGGGTCATTGCCAATGATATGGCAGCTTCTACATACGAATTAAAAATCGTGAAACGGGATATACAGGATTATAGGGACAATCATACAAGATTTGTTATCCTGTCTCCCGATGAAAACATATCTTTTGAAGTGAATTCAAAATTGAGCTCTAGGCCCAAAACGACCTTAATGGTCATGCTGCCGCAGGATGATCAGTCCGGGGCGCTGCATAGAGTGCTGTCTGCATTTTCTTGGAGAAATTTAAACCTGTCAAAAATTGAGTCACGTCCGACTAAAACCGGATTAGGCCATTATTTCTTTATTATTGATATTGAGAAAGCGTTTGATGATGTATTGATTCCAGGGGCCATGCAGGAGCTCGAAGCACTCGGCTGCAAAGTGAGGCTTCTGGGTGCATACAGTCTTACCAATTATAAAAAAAAAAAAAAAAAAAAAAAAAA,0.413333333
56,42,ERCC-00104,DQ516815,B,0.22888184,0.22888184,0,1,0,2022,TGCAATCTCTTCAACAGCCTCTGCTAAGTATTCTGCAGCTGCTCTGCTAACTCTCTCAGCACCAGCCTTTTTCAATATTCTCTCAAATGGTGCAACTGGAAGCTCAGCCATAATACCACCTCACAATAGATTTCCAATAAATACTGTTATAAAATCCTTTATTTAAACTTTTCGGTCATTTTCATTTTTTGTGAAAGTCTTTGGAAAATTTTCCCACACATAAAGAAGGTATTAAAAAGTGTGACACTAAAATTATAAAAAACACTATTTATAATGTATGTCACAAATTTAAAATATAATTTTATGAAAGATAGATAAACATAAATTGGTAGAGTTTAATTGTGATATTTATGATAATTACTATAGCTTCGGGTAAAGGAGGGGTTGGAAAAACTACAACATCAGCATCTTTAGCAGTAGCACTTGCTAAATTGGGAAAAAAGGTTTTAGCTATTGATGGAGACATATCAATGGCTAATTTAGGGATTCTATTCAATATGGAAAAGAAAAAACCCTCTTTACATGAAGTTTTGAGTGAAGAGGCAGATGTTAGGGATGCAATTTACAAACATAAAACTGGAGTTTATGTATTGCCAACGAGTTTGTCTTTAGAAGGTTATAAGAAATCAGATATTGATTTACTTCCAGATGTGGTTAATGAGGTAGCTGATGATTTTGATTATGTAATTATAGATGCTCCAGCTGGGTTAAATAGAGAAATGGCTACTCATTTAGCTATTGCTGATAAACTTTTACTTGTTGTCACCCCAGAGATGTTCTCAATTATTGACGCTGTTAGATTAAAAGAAAGTGCTGAAATGGCTGGAACACCTTTAATGGGTGTTGTGTTAAATAGGGTTGGTAGAGATTTTGGTGAAATGGGTAGAGATGAGATTGAAATGTTAATAAAAGGTAAAGTTTTAGTTGAAGTCCCTGAAGATGAAAATGTTAGGTCAGCAGCTTTAAAAAAGATGAGTGTTATTGAATATAGAAAGAATTCTCCAGCTTCTCAAGCTTATATGAAGTTAGCTTCAATAATAGCAGGAGTTCCTATTTACATTGAAGATGAAATTAAAATAATAAGGAAAGAAAGCTTTATAGATAAAATTAAGAGATTATTTAGGATGTATTAATTATCTTGATTTAAAAATTTTAATTATCATCCTTTTCCAAATAAACCGTATATGTTGGGAACGCCCTCTCAATGAACCTTTCAGTAAAAGCTTCACCAAAAATGGATGCATCATCTCGCTTTGCTCGATGATGCCTCTTAGTTATCTTTCTCCAAATAAACAGTATATGTTGGGAATGCCATCTCTATCCCTTCTTTTTCAAATTCCTCTTTTATCTTCAAATTTATTTCATCAACGGCATTTAAATAGTAATCAAATCCCATGTTTCTAACAAAGTATTCTACCCTCAAATTTAAACTCCAATCTCCATATTCCCTAAAATGCACTCTATATGGAGGGAGAGTAGCTGGATGATTTTCAACAATCTCTTTTATTATCTCCTTAGCCCTCTTAATTTTCTCTACCGGTGTGTTATAAGTTAAACCGATAGTCATTAAAACCCTTCTTCTATCTCTAACTGTTAAGTTTTCAATGGCTGAATCCAACAATTCTGAGTTTGGGATAGTTATTAAAGTGTAATCAAAAGTTCTAATTCGTGTGCTTCTTATTCCAATCTCCTCTACAATCCCTTCAGCCCCTTTAACTTTAACCCAATGGCCTAAACTAAAGGGTTTGTCAATCAATATTAAAATCCCAGCAATGAAGTTTTTTATGGTGTCTTGCATAGCCAAAGCTAAAGCTAAACCCCCTACTCCTAAACCAGCCAATAAAGCAGTGATATCATAACCAACAGAGCTTAAAGCCGTTAATATACCAAGAAGTATTGTTAATATCTTTACAACTTTTTTCAATGGCTTTATTATGTGTTCGTCCAACTCTGTTTCTGTCTTTTCGGTCAATGGAATTAGGTAGTGTTCAAATATCCCAAAAAAAAAAAAAAAAAAAAAAG,0.327398615
57,4,ERCC-00108,DQ668365,A,937.5,234.375,0,4,2,1022,CTCTGTGTCATGATCGTGAGTTGTCGCAGTGTCTGTACCAATACTCTGGTGGAGCTATATAAGCCGCTGTTGCGTAAATCAACGGCATGATCCCTATGACCGCGTCATGCTAACTGATACACGCTGCTCGAACAGTGATACGCACACTGATAACTATGCGCAGACGCTTGAAACGATGTGACATCGCTTCTAGAGTATGAGCCGCAATGCACGACTGATACTCGATATGAGCAGCAGTCGGCTATGATTTGCAATGCTTGCAGTATGTATCCTGATCGTGCGTGCGATGTCTGATAATACGCTCGCATGATATGTATTGCGCTCAGATGCTGGAGATATGCCATGCGTGCTGTCAGTATGCCATGTATGCTGATATGTCGCGATCTATGTGGTGACTATGAGATCCATGTGATGACGTTGCAGTCTCTGTGACCTTATCGACGCGCATGTGAGCCTATAGACAGCGATGTGAGCACTCTCATCTGCGGATCAGTCTATCCTCGCTGATGCTCAGTGATACACGCTGATGCACGTAGTGAGCATCCTGTGCTCGCATATACCGCTGCTGCACTGATATGAGCCAGTGCTGCTGCTCTCTACGGAGTGTGCTCGGCTATAACAGCGAGTGCTACGCCTAAACTGGCTGTCTAGCACTGTAGCTGGTGCATGTACTCGACTGCCGCTGCATCTACTATAAGACTCTGACATTAGCGTATAGGCTGATACATTAGCTCGGATGCTATCAGCTTGCGCCTATTATATGCCTGACGCGGGATCTATCAGAACGACTCGGTAGCTCATATACTGGATCACGGTGCCACAACATGCTACACGAGGTCTCAGACTCTATCCCGTGGACTCAACGTGCATCTGCTATGCTGAGCGCGTATCTGTGTACCTGTCCGATGCTCTGATCTACACTGCCGTGATCGTTATATGACGAGACTGTGCGCTCATAGCCGACACTGTGCTCGATAAGACCACGCTGTGCGGATATAAAAAAAAAAAAAAAAAAAAAAAAA,0.490215264
58,39,ERCC-00109,DQ854998,B,0.91552734,0.91552734,0,1,0,536,TAGCGGAGTGTCAAATTTCGGAAGGGGGCCATAATGTTTCTTTACAATCGCACCAGTTAGCGTGGCGTATACCATGTTGTTAACAGCGCCATAAGTGCCTGATCCGCGGGCAAAACTACGCAACACTGTGACTGGGTGCTAGGTCGACGAACAACTGACGCAACTAGATCATGGGAGTGCCCCAAGTAAAAATTGTGTGTCAGGGCAACAAGTGACGATAGCGCGCGTAAATGGTATCATGATTGTGACCTCGGTATCTCTTGTACAGTTTACGTCGACGCGAAGTCTGATCACGTTTAACTAGCTCAGGGGTATTAAATAACCGAAAGGTTCATGTGGATGTGTGAACTTGCAGACAGAATGACCCATAGTCCTTTACCCAGGTAGCTGAGGGCGACGCACTTGACCATCCGAATCAAACTGAGAGATCGAAATAGCCTCACCCTTGAACCTACAAAGCTCACTTTAGCCCGTTAAGTTGTCGAAATCACTAGATCAGAAGTCTCCCACTCAAAAAAAAAAAAAAAAAAAAAAAA,0.455223881
59,50,ERCC-00111,DQ883685,C,468.75,703.125,0,0.67,-0.58,994,GCCCTAAGTTCCGGTCCGCAATTTCGTTTCGTTGGGACGCTTGAAGCGCAAGTAGAAAACGAGATAGGGTGTCCCATCTAAACCGCCGTGCCAATAGCTTTAAAGGCCAGGAAACATTTAATATCCCTAACAAGCACGGTCCACCAACGGCATTACGACTTTACGAGTTCGCAGAACAAAGACTTTGCAACTGCAGGGGAGCCCTTCGATGCATCCGAATGAGGGCGAGCGTCGCAGATTAACTTCGAGCAGTTAACCAGGCAAGGATATTTCCGGCATCAAGCGTTTCTCCCTACTAATATCCTTCCTTATGTCCCGCATTAAACAGCACTCAGCATCTCAAACAATCACAAAACAACCCACCTCATCGTTGACCAGATGATAACGTGGGACATTATCTTTGGGCAATACCACCAAAATCGTTCTTTATGGGGTATCGCTCTTAAGCAGCGCACTTCTGCATAACTATGCCATACAGTTAGGTGCTACCATGAACATCCCGAGCTGCGTTGCATGTATCGGGTATGCCCAAGACCATACCTCCAATGCTGCAGGGGTTAAATTCTCCGTTCTCGTCTAATCTAAGAGAATTGTATAGCTTGCAGGCTAACATCCTGGGTCCAACCCCACATTGTAACTTCGCTGATTCCCACCACTAATTTCTAGGGTTAGTGAAGGTTCGATACATCGCGCATTGGGGGTCTCGGTCAAGAGGAGCGCGTAAGTAAAGACGCCTATCTTCCAGTTTGATCGGGAAACTACCCGAGGGGGATGGTGCTCAATTGGGCCTCGTCTGAACACAAGAGAGATCGCACGCGGAAACCGTTAACGCAAGAATATACAGCATATGGCATGTAAGCGAAATAACATCCTCCCACTGGGTGCACAGCGAATTAGTATCATAGTAGAATTAAGCGAGATCCATGACGTCACCGCTACTCAATCATCATCCACGTCTCGCGTCATACCCAAAAAAAAAAAAAAAAAAAAAAAA,0.47082495
60,75,ERCC-00112,DQ459422,D,117.1875,234.375,0,0.5,-1,1136,AGATGCCTGGATAGGTTCAAGTTACGTTTACACCGTTCCCACCCCACTAACCACGACCTTTCTCGCCTTTGTTTTACCAACGCCGGCTAACAGGTCGGGCCCAACTAATATTGTTAAGGCAGGCGTTCTGTACTTACTCGATCGTTCATAGCCCCACGACATAGTTTTTAGTCATTACGTAGCCGTTATAGAAACTCACCTGTTGTAGAAGGTTACAACCAGATCGTCTTACTTATGGCATGCTGGCGTAGACAGGTGCCAATTTGCGGCCAGTACTCGGATGTTCGTGGACTGATCTGGTCCTCTGTTCCCCTGGTGAAAACGTCGCTTCACTCCGGTAAGGGCGAATGTAATGACCGTATTCTAAGGTACGGATCTACACTATGTGCGGGCGAATAGACTCGGGCCCGTAGCGGGGAGCAAATACTTGATCGCAATCTCTGACGTCAACTGATGTCGCGGAGACTGCTGCGCACCCAATAGGTACCACTAACGTCCGTGTGATTTTAACCGGTAGGAATAAACACCGTCTTATACAGCTACGTTTTTCGATTTACTACCGAGCCGTTTGCGAGAACATATGGATTGGGAAATAGGCTCGAGTCCACATACAGCCTACGGTAAGTTGCTAGGCTCGCAATTCTATCCGGGTTTGTGAGTCTTAGTTGTGCTCCGGCTTTTGAATGAGCATACTCATGAAAGCGCTGCTACTATGATAAGAGTACACGTACAGGTCTCGCCCGATTGGATTATGGCGAGCTGCCGCATTGACGGACATACCTTTGAACGTAATCGCGCACGAGTGCGGATTAAGATTCTCCGCTTCAATCATGCAATGTGGTACAGCTGACTATCATTGACACCAAGCCGCTTGCAGGTATCGCCTGTCGGATAAGTTAAGAGTGAGACGAAGAGTATTCATCGAGCGCCAGGTAAGATAGTGCCACTCTAAGCATCGGTATCTAGCTTTAGTAACCTTCTCGATGGGGAATACACCTCTGCTTAACGGTCTTAATAATTGACGCGTCTTGGACGTAGTACTCTGCAGTGCCTAAACTCATAGTAAACGATCTGGTAGGTCCTTTTACACACGGTTTTTATCGCTTAGTGCTAAAAAAAAAAAAAAAAAAAAAAAA,0.470950704
61,48,ERCC-00113,DQ883663,C,3750,5625,0,0.67,-0.58,840,ACACCGGCGCACGCCACAGGCGTCATACTTCCCAAGAAGCGGCCATAGCCCAGATGCGAGGTGGAAAAGTCACACTAGAGCGACACCAACATCGTTACGCTTACACACCGGACGCTTGGATCAGTGGGAAGTGCTCACGCGCGGAGCCCACTGGGCGAACAGCAACGTTATAACGGCCACTCAGTGGTTCGTCACGCGCAGCCCCGGGTTCGTCCCCTATAAGGGCCTAGTACCTTTCGAGCCCCGCGCGTACTAGGCAGATAAGAACCCTCCAGCTCGGGGCCTCAAACCGATATTCCATGTGGGCCAACTGCCATGTTGTGTCCAGTCGCTATCGGAGTAGCCGCGCTGGTGCCACACGACTACAACCCTCGTAATAGGGCTGCGTGCGTCCTAAATACACTCGCTGTTGAGATACTAAAATTATCTGTGGATTGCCGGCATTGAGCCCACGGTAAACCCCAAATACATAAGTGTATAATGTCTCGGACCCGTCGCAACGGTTGTTAATATGACAGGCCGCTAAAGACGTTCTACTCCGCCATATGAGATAATATCCTTATCTTGAGACGCATAGCAAATGTAGGAGAGAGAGGTTAATAAGGCCTAGCCTAAAGGTTCTTGCAGAGCAACATCATATACCCTGTAGAACCCGACTTTTGGGTTTAGGGGCCTGCCGTCAGCTACAATTCATGCTTGAAGGTTTCACTAGATCGTGTTATGGACGATGACTATAGTGTAACAGGTGCAGAGCTTAACTTTGGACACATGACACTCAGTTCTGTACCAACTAGGAAGAGCGCCGGGGTAGAAGAATAAAAAAAAAAAAAAAAAAAAAAA,0.504761905
62,5,ERCC-00116,DQ668367,A,468.75,117.1875,0,4,2,1991,AAGCGTTCACAGCTCGGCAATACCTGTGACGAGCTGCTCGCAAGATTTACGCAGTGTGGCTATACTTGACAGTGATGGCGCTTACTTCAGATGTATGGGTGATACTTCGCTATATGGGTGGTCACTTCTCTATGGCGCGTGACAATGTACTATGGAGCGGTCAATGTCAGTACGGATCGCGTCGATCTAGGTGACTACGCACGCCTCTGGAGTAAATCGAGTGCTCCGTGCGAAATACGCGGTCATCGTGCGAATAACCGAGTCATCGTGAGTAGTATGAACGTGTCGTGTTATGCAGCGGTATGTCGTGCTATAATGGCGTCTGTCGTGCTCATAAGGTTCCTCTGATGTGCTAGACGTGTCCATCGAGCTGCATAGCTATACTTCGAGTCACTTGGGATACTTCGATAGCGTTGTGAATAGTGTCGTAGGCTCCCGGGCACGTTGTTAAACTGTTGCCGCCAATTCAAGATTAGTCCAGCTCGTACTATCGAATACACCATCGTCGTATCGAATAATCGCACCTCGTAGGAGTCGGTTGCCACTCGTTGATAGTCAACCAGGCTCGTTAGATAGTAGCCCAGATCCTACGAGATGAGCTACGTAACTACAGTGATAGCATATAGGGTACGCTAGAATGCCAGGTCGTAGTCGAATTAGTCAGGTTGGATGTCTACTAGTTGACTTGGAGTATGCCATGAAGACTCGTCCCTCGATATCAATACTCGTCCGCAGGTGAACACTGTAGTCGGTGCTAGTGCCCACTTCTCGGTATGTGTCCTCAATTATCGAGTAGGATTCTAATCAATCGTCGCGGCTCACTAATTGTCTGCGGTGGCTACTAATGGTTACGGTGCCTGACTAATCGTGTAGGTGTCTAATACATCGTGATACGGGCGATATAATGCTCGATACGGCAAATATAGCTCCGTCCGGTGGATCCAGATCGCAGGGTATCGCATCGACAGACCTGGTATCGTCGTGACGAACGTGCTACTCGCTTATCGGGCCTGCTACATCAGTGGCGATGTTCGTAACCCTTAGCCGATCTTCTTACTTACGAGGCTACTATTCGATCAAACTCGCCTATCTGGTAATAACTGCGGTGATCTGGTAGCCACTACGTGCGCCTGGTAGCAAATACGGCGAGCTGGTATCACTATCGGCTCAGTGGTCCGACATAGTGCCCAGTGGTTCGCATAACTGCCGCTGGGTCCAATATAACACGCAGTCGTCAATCATACGAGCCGATGGTCGGCAATAGCGCCTGTGGTGACACTATGCCACCTCTGGTCTAATATAGCGCCCTGTGGTCGTATAATCGAGCGCGTAATCGTATATCCGACTGTAGGTGCGTAACTCGCGACTAGGTGGCTCTAATCTGCGTTGGTTGTCGCTCACAGTGTCTGGTGTTCGATACCCGGATCGGGTTCCGTAATCTTGGCATCGAGGTTTCGTACATGTCACGCGGTCTCGTTCATTCTCGGTGGTGCTCAGTACATCCAGTGGTGAGTCGCTACATCACACGGTGATCCGGCTAAACCTCTGGGCATCCGTATTAAGCGACATTCCTACGACTTATCAGCACGTCCTACGGTATAACAAGGCGTGCTACGGTCTAACGACGCTGGTAGCAGTCTATCAGATCGCTAGTACGAGTTAGAGATGCTTAGTACGCCTTCGAATCTATGATGCTCGTGCTCACGCGATGCACTCGGATTATGGCACATGCACTCGCGTAATGACGCTGCATCGCTCAGTATGATCCATGAGCGCCGTGAATGACGCATGAGCCTCGTATCGAGTGCATGAGCTGTCTTTCACATGATACATCGCTCTAAATCATCATGCGACAGTCTCGACAGCAGCTCAGCATCTATGCATCATGTGCCTCACTAGGACATCATGCTCGACTCTGAGACACTGATCGAGCATTAAGACTCTAGAGCGGCCGCCGACTAGTGAGCTCAAAAAAAAAAAAAAAAAAAAAA,0.50125565
63,45,ERCC-00117,DQ459412,B,0.05722046,0.05722046,0,1,0,1136,AGATACTATCAGGCGCCTATGGGCAAATCTGGCCTCCAAACTCCGAGTGTCACCGAACCGTAGGAAATTCCTTCCCCAAGCGTGTGCAATACTCGTAGCACACCGGGATAAATAGGAAGGAAACATCCGCGGGTCTTACGGTGAAGCTGTGGGACCGCTTCTGTACACGGCGTCCAATCAAGGGGCTTGGCATTTGGCCCAGATCGAAAGTGTTGAACCACAAACGACTCTATCGGTGACGCCTCCAAGCGCGAAACTCCAGGCAATGGGGAACCGCAGAAAGATGTTCCGCTAGACCGCATTAATACCACATCTGGGCTTAGAAGCCCCTCGGTGCTCCAGGGAGGACGGATCGGAATTAAACGTGATATGGAACTTTAACTGATCAGGCCTTGCCCTTACTAATGGCGCGTTGTAACGGGCCTTGAGGGAATGTCACTATTGAGGCACCCGTTCGACCCTCAGAGATATACCATTCCGCCTATTGTAGCTCTCCTCGTACCACAGTCTTGCAAATACTGTCATAGCTATGGAACCGCCCCGACGCCGGGATTATGGCCTCTCATGGACTCAGTGTGATCAGAACCTGCTCGAGTGGGGACTGGATGCAGAGCTGATCTCTGTAGTGTGTTGTGTCGCGGGAGCACCACCGGATGACAACCGCCATATTCCAGTGCCCAAATACTCACTGGTAACGGCTTGAACTCATGCTAATTCCATTATAGTTCTTTAAACATAAGCTTTGCCCTCGGGGCCCATCCCCTGAACCATGCGGTGAGTCACGTACGCAGACCTGAAAATTAAAGATCCGGACAGGCCCGACCTTAGCCAAGGGTAAGAACCGCTTCACTTAGTGAACATCCTATCCAGTCCGTGCAGCATCGTCTACGGTCCGGGCTTCTGCCGAAAGGTCCATTAAACAGACAGAAGGATAAATGGCTCCAGCGGATACGCGCATATTCGGTTATCGCAGTTACCGTGCAAAACTGCATCCCCGCTGGGATAAGCACATGAGATGGACAAGGCTTCCTATGAGTGATTCCAAAGAACATTGCCCGACGACCGAGCCTTCAGGTAATCCACGAGACATATGCTAACCAGTGGTGCCATGGAAAAAAAAAAAAAAAAAAAAAAAA,0.511443662
64,62,ERCC-00120,DQ854992,C,0.91552734,1.37329102,0,0.67,-0.58,536,GGCGTCTCACCTGGCTTGATTCAGTTAATGGAGCACTTGTGGGAGTGCCGCGACACAACATCCGCTAGCCTCAGTCGAATGACAAGTTAGAACAGGAGTGGGGCCGATCTCTGCAAACTCCTATTGTCAGGGGTGGTGGACGGTATAGGGTTTTGCGCCTACCTGAATGCAAGGGCTTACCTCCAACGGCTTAGATGTGCCTAGAAGGTACGCCCTTCAGTCAAGACCGGCCCGGCGTTAGTTAAAGCAGGCTTGTCACACATCACGTAGTTCCTGCTGCGTTTTAAGTCATTAGCTCCCAGTAACCCATCAACCATTACCGTATAGACTTATCCGAGTGTGATCAAATAACGCTGAGCCTTATGATCCTCGTCGACCCAACAACCGCCGGATATACGTTGGGATATAAACGAAACACGTACCGCGCGAGTGACACGCGTTGACGTTACATGGTAAACTCGTAGCCAACCTTAACATTCCCTGCACTATGTTAGTGCGTACAACATTAAGGGAAAAAAAAAAAAAAAAAAAAAAAA,0.483208955
65,21,ERCC-00123,DQ516782,A,0.22888184,0.05722046,0,4,2,1022,TTAAGAGAGGAATAATTACTTTTTCATCTTACCCACCAAGTTTTAGTTTTCTTATTCTTTCACTTAATTTTTCGACCTCCTCCTTTGTTAATCTTGTAGCTTTTTTAACCTCCTCCAATTCTTTTTGTAACATTATTACTTTAATCCCCAGTATTATGTTGAGGAGTATGCTAATAGCCACAATTATATACAAAATCATCCTTATCTCCTCCCGAACAATCCTTTAATAAACTTAGATATGAATGATTCTTTCTTCTTCTCAAGTTGTGCTTCATATTTAGCTCCAATTAACTTAGCTGCTATCTCCATGACTGCTTGAGCGGCTGGAGAATCTGGATACATAATAACGAGAGGTGTTCCAAATGCAGCTGCCTTCCTAACATGAGGGTCCTCTGGAACAACACCTATAACAGGAACTTCTAAAATTGTCTCTATAGCTTTAACCCCCAACTCTGTACTCTCATTTGAAACCCTATTAACAATAGCCCCAATGATGTCAGTTCCCAATCTTTTTGTTATAGCGATAATTTTTAATGCATCTGATATTGGGGATATCTCTGGATTTACAACGACAATTAAACCATCTGCTGATGATATTGCTATTAAAGTCTCTTTTCCAATACCTGCTGGACAGTCAATAATTAAAATCTCAACTAAATCATGTATTGCCTTTAAAACTTCCTCAAGTTTTTCTGGTTTAGCTCTTCTGAACTTTTCTAATGAAACACCTGCTGGAATAACTAAAACTCCTTCAGGACCTTCATAAATTGCGTCCTTTATATCTGCTTTACCAGCCAACACATCGTTTAAGGTTACTGGCTTTCCTTCTAACCCCATGATAGGCTCTAAGTTTGCCATTGCTATATCAGCGTCCAAAACAGCCACTTTTTTTCCAAATTTTGCAAGAGCCACAGCAAGATTTGCAGATATCGTTGTCTTTCCAGTACCTCCTTTTCCAGATGCTATCGCGATAGCTATTCCATTAATGTCACCATTCTAAAAAAAAAAAAAAAAAAAAAAAA,0.356164384
66,34,ERCC-00126,DQ459427,B,14.6484375,14.6484375,0,1,0,1118,GGAGACCGACCGCGCATTAGTCAATCATATAGTTCGATAAATGAGACGTCACGGATTTGAGTATCATTTGCTAGAACTGCTTACCTATCTAAACGCTCAGGTATGCCTGCGCTGAGACTCAGCATCTCAATGTGACCGAGCTTGTGACTCCGCATCCTCCTGCAATATACCCATCGGCCCTCACGGGGTAACGTAGCTCTTCTGCGTACACCTGGCTAGAGGGTCCTTACCGGCTGTAAGCTCACTACAATCCAGGTACAGAGTGCGTTAACCGGCCATTAGAGGGCCGCTACACCCGTCAGAATTTAAACGTATGGGCGGCGAAGCGCGATAATGGTTAGACCTTCTTGCAGGGGCAAATAACGATTTTGCGACTGCCCCTTTAAGATGGAGAATGGACAAACGCTCATTCCTAGTGAGGACATCGACATCGTTACGATGCAACGTCGAGTGGCGGCATAACACTTGGCTCGGTCCTACCCGCGACAGTGCAACAAAAACAGTTGCTCTACATTCGCTATGCATTTTAACGGATATGCCTTTGCCCCCCGTCCGTCATGGACGAAAAGTTTGGCTATGCGCGGAACATTATGCCGGATTACTCGTTATCGCTGGGTAATCGTCCGTTGGGCCCGCTCTTACGCGATCAGTGCCGTTAGCACATGCGCGAATAGGGCGGATTCCGAAAGCATGTGCCAAATTCCCCATGACCCTGTTCCAGGTGAGCTGACACTATCAGTCGAAGTTGTTTCCTTAACCAGGAAAAACGCTGTTTCTCCGTTTGCTTGTACCATGGGGGCAGGGAATTCTTCGAGCGCGCGAATGTATACACTATTATCTCATGTGCATGTCCAGAGCGGGCTAACCTAATATACCTGGTCGCATCGTCCGAGATCAGTTGGGAATAGCGGAGCGGATACGCCTGGAACGCTGGGGCGTGCCAGTAAACTTACTGTTCTCCAGTTCCTCCATCATGTTCCGTCTAATCCGGAGATGTGTAGCTGCATTGTGCTCCGTTGCGGTACTCCTCGACTGGGTGCCATATGGGCTACTGGCGAGAGGAAATTTGCTTTTGTGTATTTAGGCCCGTGGCACCTAAAAAAAAAAAAAAAAAAAAA,0.505366726
67,1,ERCC-00130,EF011072,A,30000,7500,0,4,2,1059,GCATTTTGAAAATTCTATGGAAGAGCTAGCATCTCTGACGAAAACAGCAGACGGAAAAGTACTGACCAGCGTCACACAAAAACGGAACAGGGCTGACGCCGCTACATATATAGGAAAAGGGAAGGTAGAAGAGCTGAAGGCACTCGTGGAAGAGCTTGAAGCTGATCTCCTCATCTTTAATGATGAACTGTCGCCAAGTCAGCTGAAGTCATTGGCAACAGCAATTGAAGTGAAGATGATTGACCGCACGCAATTGATATTAGATATTTTTGCAAAGCGGGCGAGAACGAGAGAAGGCAAACTTCAAATTGAGCTGGCTCAGCTGCAATATGCACTGCCGCGTCTGACGGGACAAGGGATCAACCTTTCCCGGCAAGGCGGAGGAATTGGGGCAAGAGGTCCCGGGGAAACGAAACTGGAAACCGACCGCCGCCATATCAGAAATCGCATTCATGAAATCAACACACAGCTTTCCACTGTCATTCGCCATAGAAGCCGATACCGTGAAAGAAGAAAGAAAAACGGTGTGCTTCAAATTGCGCTTGTCGGCTATACAAACGCAGGGAAATCAACATGGTTCAACCGCCTGACGAGTGCTGACAGCTATGAAGAAGACCTCCTGTTTGCCACGCTGGACCCGATGACCAGAAAAATGGTCCTGCCAAGCGGCTACAGTGTTCTTCTTTCAGATACAGTAGGATTTATTCAGGATCTTCCGACGACATTGATTGCTGCATTCCGCTCAACGCTTGAGGAAGTAAAAGAAGCGGATTTAATTCTGCATTTAATTGATTCTTCAAATGAGGATTATGCGGGACATGAAAAAACAGTGCTTCGGCTGCTTGAGGAGCTTGAAGCAGATGATATCCCGATGCTGACGGCTTACAATAAACGTGATCAAAAACTGCCTGATTTTATACCGACCGCCGGAAGGGATCACATTATGGTCAGTGCGAAATTTGAGGACGACGCTGCAGCCTTTAAAGAAGCGATTCAGCGCTATTTGCGCCAAGAACTGTTAACGTCTTGAATTCTGGAAAAAAAAAAAAAAAAAAAAAA,0.458923513
68,8,ERCC-00131,DQ855003,A,117.1875,29.296875,0,4,2,771,CGCCGGATAAAGGCTTCTTCGGTACTATACAAGTTGTCTACGCACATTTGCCTTGGGTATTAAACTCTAGTAGGAGCGAAACTTGACATATCAAACCTCTCTGGAGAGGCATCTCCCAGACATTACGGATGATCAGGTCTCAGCGAATCCTAGCTGTGCGGATAATTTGTGGCCCGCACAACCGCAAGACACCGCCGTGTCTATTCCACAAACTTCGACATATCAATAACGCAGTAACAACGTTAAGTAGGGGGACAGGCAGTGCGTCCTAAGGGGCTTGAGGTCGCCCGATTCGCGATCTAATCTTAACAGACGAGGTGGCGTAAGATGTACCTCGTTCAATCTAAGTATGAATTTGTCCGCTGGGTAATGGTGGAATTAAAGAACATGCGTAAAACGACCTCGTTGTAATTTGGGTCGGCCCGTCTCGGCAAATTTGCCCTTGCAGTGAAGCTCGGATTGGATGTCTCGTAAGGAATACTTATTGCGGGTGGTACGCAAATTCGCAACCATGTGAAGTAATGTGAGCGTACTTCACCTGCTCCGGTACAAGCCGCCATGTGCTCATGTTGGGAACCTCCTGCGTAACAACCGGACGCTTGCGAAAGTCATTCCCCTATCGGTACACTATTGGAAAACATGACAAACGTATAATGCGTGATGACCGCAACAGGTGTAAGTGCACCAACTAGTATTGGCTCCTGTCCACATGGTCGGGTTTTCCGCCCCCAAACATGCAAACATCCGAAAAAAAAAAAAAAAAAAAAAAAA,0.474708171
69,17,ERCC-00134,DQ516739,A,1.83105469,0.45776367,0,4,2,274,AGGCTTTGTTATTGGTATTGACTTACAAACAGTTAAGCCATTTGAATATGATAATGTAGTTGCAATAAAAGGAGATTTCACCTTAGAAGAAAATTTGAACAAAATTAGAGAGCTAATTCCAAATGATGAAAAAAAGGTGGATGTGGTTATAAGTGACGCCTCCCCTAATATAAGCGGTTATTGGGATATAGACCACGCTCGTTCAATAGATTTAGTAACTACTGCCTTACAAATAGCTACTGAGATGCTAAAAAAAAAAAAAAAAAAAAAAAAA,0.313868613
70,3,ERCC-00136,EF011063,A,1875,468.75,0,4,2,1033,TTTCGACGTTTTGAAGGAGGGTTTTAAGTAATGATCGAGATTGAAAAACCAAAAATCGAAACGGTTGAAATCAGCGACGATGCCGAATTTGGTAAGTTTGTCGTAGAGCCACTTGAGCGTGGATATGGTACAACTCTGGGTAACTCCTTACGTCGTATCCTCTTATCCTCACTCCCTGGTGCCGCTGTAACATCAATCCAGATAGATGGTGTACTGCACGAATTCTCGACAATTGAAGGCGTTGTGGAAGATGTTACAACGATTATCTTACACATTAAAAAGCTTGCATTGAAAATCTACTCTGATGAAGAGAAGACGCTAGAAATTGATGTACAGGGTGAAGGAACTGTAACGGCAGCTGATATTACACACGATAGTGATGTAGAGATCTTAAATCCTGATCTTCATATCGCGACTCTTGGTGAGAATGCGAGTTTCCGAGTTCGCCTTACTGCTCAAAGAGGACGTGGGTATACGCCTGCTGACGCAAACAAGAGAGGCGATCAGCCAATCGGCGTGATTCCGATCGATTCTATCTATACGCCAGTTTCCCGTGTATCTTATCAGGTAGAGAACACTCGTGTAGGCCAAGTTGCAAACTATGATAAACTTACACTTGATGTTTGGACTGATGGAAGCACTGGACCGAAAGAAGCAATTGCGCTTGGTTCAAAGATTTTAACTGAACACCTTAATATATTCGCTGGTTTAACTGACGAAGCTCAACATGCTGAAATCATGGTTGAAGAAGAAGAAGATCAAAAAGAGAAAGTTCTTGAAATGACAATTGAAGAATTGGATCTTTCTGTTCGTTCTTACAACTGCTTAAAGCGTGCGGGTATTAACACGGTTCAAGAGCTTGCGAACAAGACGGAAGAAGATATGATGAAAGTTCGAAATCTAGGACGCAAATCACTTGAAGAAGTGAAAGCGAGACTAGAAGAACTTGGACTCGGACTTCGCAAAGACGATTGACTAGTTTCCCTTGTGAACTAGGATTTTCCCGGGTACAAAAAAAAAAAAAAAAAAAAAA,0.415295257
71,85,ERCC-00137,DQ855000,D,0.91552734,1.83105469,0,0.5,-1,537,CAAAGCAAACCTAATGAAGCCAGACACGAGATCACAGAAAATCGCTGACTATCCCGAGTGCGCGGCGAGCTACAATCCAAGATGATTATTTTTTCACGACCGGGCGCTGGTCAGGTATATCGCTGGTACAGATGGCGGCAAGCATCGTTGTCACCACTTCCTTCACGATTTCCGTTAGAGCCGAGTGGTACAGCACGTACGTTATATATGGGAGTACGGACATGCTTCCCACCTCGTCAGCCAAGATGATAGATACCCGTAGCGTGATGGTCTTATAGCTGCTCTGATGGACTTCGAAAGATCACCGTGCAGCTATTCAAAAAAGCAGCCGGGGAAAAGGTGGTCTCGCCCGAAAGCCATGACCTCCGATCACTCCTGGCCGGTAGTCGGTTTATTGCATATTGTACAGTTGCGCGCGCGGCAGGTCACATCCCCCTGGTTAAATAGAGGCACGAGCGCTCGTTTTTGGGTGATCAATATGGCTTACCCCCGAGAGAGTTGTGAGCTTGCACGAAAAAAAAAAAAAAAAAAAAAAAA,0.495344507
72,44,ERCC-00138,DQ516777,B,0.11444092,0.11444092,0,1,0,1024,CCCTGCTAAAAGAGGTTGGTTGTATAAGATTTGGAGAATTTATCTTAGCCTCTGGTAAAAAAAGTAACTACTACATAGACATAAAAAAAGCCACCACAAACCCAGAAATTTTAAAGTTAGTTGGAGAAATTATTGCTGAGCAAATAAAGGATGAAGATGTAAAAGTTGCTGGAGTAGAGCTTGGTTCTGTCCCTATAGCTACAGCTGTCTCAATTATTGCTCAAAAACCACTATTAATTGTTAGAAAGAAACCTAAGGATTACGGAACTAAAAATAAGATAGAAGGAGAGCTAAAAGAAGGAGATAAGGTTGTTATTGTGGAGGATGTTACTACAACTGGAGGAAGTGTGCTAAAGGCAGTTAAAGAGATTAGGGAAAATGGTGGAATTGTTGATAAAGTTTTYGTTGTTGTTGATAGGTTAGAAGGAGCTAAAGAAAACCTACAAAAAGAGAATGTTGAATTAATCCCATTAGTTACTGTTAAGGAGCTACAATCCACTCAATAAATCTAAAAACCTCTTAGTCCATAGGGGAAACCCCTATTGGGATACTCCCCGTCCATTAAGTTGCTCCTTTCAGGAGCAATTAATGTCCATTTTAAGCTTATAATCCACTCAATAAATCTAAAAACTTCTTAGTTTTCTCTTTTTTAACCTTACCAAATTTCTCTAATTTGCTAACATCTACATTTTTATCCTTTAAAATTTCTTTTATTGGTTCTATGAGTGCAATTTTTTTAAGTAAGTCTTCAATATCCTTCTTTTTGAAGTTAAATCTTTCCACAGCATCCCAGTCGTGAATTAAGTATAAAGCAACTCCACCAATGTTCTTTAAAGGAATCTGATATTTTGGCAACTCCTCCTCCAATTTAAATTTTAAATCTAAAACATCCACACAATTAATCCCATCAACACTCATCCAAGATAAAAATCCTCTCTGTGGAGTAATCATAATAGATGGGAACAAATTACTCCTTGCCCTTCATCTGGTGTTTTGTAGAAAAAAAAAAAAAAAAAAAAAAAAA,0.329101563
73,43,ERCC-00142,DQ883646,B,0.22888184,0.22888184,0,1,0,493,CACCTGTCACATTTCCAATCGGCTCCAGGAAGAGAGAAGTGACGGCTTGATCCTGTAGTAATCCGGGATCGACTTAAGGGGTGCAGCGACCACGGCGGATCGGGCGTCGCAATAGTCCTCCTGTTAGGAGGGTCCTTCTAATGTTAACGCCCGAATATTAGTCATATTTTGCTAGCGCCTATCAGCGTAAGATATGATTTAAGTTACACCAGGAGAGTAGCGAGATAGAACCACTCGTTGGATCGGTCTTTCTTAATTGACTACTATCAGATCCGGCGCATGGCGCTGAGGTCAAACTACATTACAGGCCCTGGTTTCCATGGGTCAGCGCAAGTACAGGCGAGCAGATACAACCTTCCGGAGACTTCGCCTCCACACACCGGAGACCCTAACCGTACCCAAATGTAACTAGCGCCTCTGGTGTGAGCTTACTAGAAAGTAGGCCGGGCCGGTCGACAGGAGGTTGCGCCAAAAAAAAAAAAAAAAAAAAAAA,0.498985801
74,59,ERCC-00143,DQ668362,C,3.66210938,5.49316406,0,0.67,-0.58,784,ATGCAGCGTAGGTATCGACTCTCACTGTGGAGTCGTCTATGATGTCGTGGAGTCCTCTCAGAGTGCTGTAGGTCCTCATAGGTCGTGCTGTCTCTCTACACGCGTGCGTGAGTCTACATTTCTGCGAGTTGGTGCTCTCACTGCGGTGTCAGTGATCTCTCCGCGTGTGACATGAGTCTAGCTTCGCGGTCATGGTCTATCCCAGCGATGGATGAGACTACTCTGTACTAGATGGTCATGCCTGCGAATGAGTCGTCAGTGCCCACAATGTCTCGATAGTGCGCCGAATGTGTCTGTAATGCCTCGAATGTGTAATCGTCAACTCGTATGTGAAGTGCTAGGCTAGTATTGACATCTACGGGCGGCTATTGACGAACTCTCCGGTATATGCTCTACATCTGCAGGGAATTGCCGACCATATATGGGTCTTGCTGATACGCTAGGGTGCTTGCTACTTAGATAGGCGTCTTGGCCGCTATTCGCGGCGTGTCTCAGAATATGCGCGACGTGTCTGGTATATGGCGACTGTGTCCGTCTATACGCATACTGGTCCACATATAGACATACTTCCACGACATGACAAAGCGTGCTCCTACATAGCACGAGCGTCTCCTAAATAGATCCGGTCTTATCGCTGAATGTCTAGGATTCTCGTCAATGATCTACGATCCTCGCTAAGTATTCAGCCACCTCGTATAGTATTCGCGCACCTGAGGATTTATTCACCTGACTCGCGTATAATATGCCGTCACCTAGTCTAAAAAAAAAAAAAAAAAAAAAAAAA,0.485969388
75,11,ERCC-00144,DQ854995,A,29.296875,7.32421875,0,4,2,538,AGCTAGGATAAATTGACCCGTATGAACTGTTGCCGGCTCGGAAATGTTAAGGCTCTGCGCACGCACTTTATCATTCGCAGCCTGTTCTGTCAGCGGGTCAGCCTAGGTTACGGTGGAACCACTCGGTATCGTGCAGACAGGGATCGTAAGGCGATCCAGCCGGTATACCTTAGTCACATATACTATCGTAATATTGGCGGTTGCTGACAAGTAAATACGGCTAAACCGGTCGTTGACCAACCACTCTCGCGGGGGTCATAAATATCACTGAGCCCGGGAAGTACCCCGTGACAGACATACGAAAAGCGTGATAACGTATTCGTAGGTATTATTTCCGTTAGCTGGAGGTAAAGGGGTTCTGGTCCTAGCCGTGTTATGTCTATTTATGAGATGGTAAGCTCGTCACCAACTCGTCACGCGATCGAAATAGCTTGGACTAATGTCCGGCACATAATCAAGTCTACATCAATCATGAATGGTTTCTGATTTGCTACCATCAGATATCATGTGAGCAAAAAAAAAAAAAAAAAAAAAAAAA,0.455390335
76,49,ERCC-00145,DQ875386,C,937.5,1406.25,0,0.67,-0.58,1042,ACTGTCCTTTCATCCATAAGCGGAGAAAGAGGGAATGACATTGTTCTTACACGGCACAAGCAGACAAAATCAACATGGTCATTTAGAAATCGGAGGTGTGGATGCTCTCTATTTAGCGGAGAAATATGGTACACCTCTTTACGTATATGATGTGGCTTTAATACGTGAGCGTGCTAAAAGCTTTAAGCAGGCGTTTATTTCTGCAGGGCTGAAAGCACAGGTGGCATATGCGAGCAAAGCATTCTCATCAGTCGCAATGATTCAGCTCGCTGAGGAAGAGGGACTTTCTTTAGATGTCGTATCCGGAGGAGAGCTATATACGGCTGTTGCAGCAGGCTTTCCGGCAGAACGCATCCACTTTCATGGAAACAATAAGAGCAGGGAAGAACTGCGGATGGCGCTTGAGCACCGCATCGGCTGCATTGTGGTGGATAATTTCTATGAAATCGCGCTTCTTGAAGACCTATGTAAAGAAACGGGTCACTCCATCGATGTTCTTCTTCGGATCACGCCCGGAGTAGAAGCGCATACGCATGACTACATTACAACGGGCCAGGAAGATTCAAAGTTTGGTTTCGATCTTCATAACGGACAAACTGAACGGGCCATTGAACAAGTATTACAATCGGAACACATTCAGCTGCTGGGTGTCCATTGCCATATCGGCTCGCAAATCTTTGATACGGCCGGTTTTGTGTTAGCAGCGGAAAAAATCTTCAAAAAACTAGACGAATGGAGAGATTCATATTCATTTGTATCCAAGGTGCTGAATCTTGGAGGAGGTTTCGGCATTCGTTATACGGAAGATGATGAACCGCTTCATGCCACTGAATACGTTGAAAAAATTATCGAAGCTGTGAAAGAAAATGCTTCCCGTTACGGTTTTGACATTCCGGAAATTTGGATCGAACCGGGCCGTTCTCTCGTGGGAGACGCAGGCACAACTCTTTATACGGTTGGCTCTCAAAAAGAAGTGGATAAGCTGTACAATCGTTTCATCATTCGGCGTGCGAATTAAAAAAAAAAAAAAAAAAAAAAAAAA,0.443378119
77,18,ERCC-00147,DQ516790,A,0.91552734,0.22888184,0,4,2,1023,CCTTGCTTAACCTTAATCTTGCCTTATTACAATATTTTTAGAAAAATAAAAAGTAAAAATAAAAGCAAATCCTTAATCTTTGGTGATATTGATGGAGAGGTATGAAATCCCTAAAGAGATTGGAGAAATAATGTTTGGCTTGTTGTCTCCAGATTACATAAGACAGATGTCAGTTGCTAAGATAGTTACACCAGACACTTATGATGAAGATGGTTATCCAATAGATGGAGGTTTAATGGACACAAGATTGGGAGTTATAGACCCAGGTTTAGTTTGCAAAACATGTGGAGGAAGGATTGGAGAGTGTCCAGGGCATTTTGGGCATATAGAGTTGGCTAAACCAGTAATTCATATAGGATTTGCCAAAACAATATACAAGATATTGAAGGCAGTTTGCCCACACTGTGGAAGAGTAGCAATAAGTGAAACTAAGAGGAAAGAAATTTTGGAAAAGATGGAAAAATTAGAGAGAGATGGAGGAAACAAGTGGGAGGTTTGTGAAGAGGTTTATAAAGAAGCTTCAAAAGTTACAATCTGCCCACACTGTGGAGAGATAAAGTATGATATAAAGTTTGAGAAACCAACAACCTACTACAGAATTGATGGAAATGAGGAAAAAACATTAACTCCATCAGATGTTAGAGAGATTTTAGAGAAGATTCCAGATGAAGATTGTATCTTACTCGGCTTAAACCCAGAGGTTGCAAGGCCAGAGTGGATGGTTCTCACCGTTTTGCCAGTTCCACCAGTAACTGTAAGGCCATCAATTACCTTGGAAACTGGAGAGAGAAGTGAAGACGATTTAACCCACAAGTTAGTTGATATCATCAGAATCAACAATAGATTAGAGGAGAATATAGAAGGAGGAGCACCAAACTTAATTATTGAGGATTTATGGAATCTGTTGCAGTATCACGTAAATACCTACTTCGATAACGAAGCTCCAGGTATTCCACCAGCTAAGCACAGAAGTGGAAGACATTAAAAACCTTAGCTCAGAAAAAAAAAAAAAAAAAAAAAAAA,0.364613881
78,33,ERCC-00148,DQ883642,B,14.6484375,14.6484375,0,1,0,494,CATCTCCATTTGGTCACGTTTACAACCGGAGTAGACGGCCATAGCAGGAGGGGTGTGCGACAGGCAGGAAGCTCTCGCGGGGTCCAAGCATTGCTGCAATGGGCGTCCTTGCTCGATGTTGACCCGAAGCTCTAACTGCATTTCAAGTCCGAATCTCTAGATATCTCGAGAGCCAATGGTTAAGGAAGGGGCGTCAATTTTGCGCGGACACGCTGCAGGATGTAATGATTAAGCCGTAGTTGAATTTATGGAGCGGTGCCCCGGGAAAGGTATAAATCGGAGGCAGGGGTTTACGGCGTCAGGATAGTTCATAGCGTACGCAGAACGAGAACAAGTGAGACGTGTATAGTTGCCATGCTGAGTAGACCTGGCGTCTACCCCTCCAAACGCATTCTTATTGGCAAATGGAAGTAGCTTCCACAGTTTGTAACAAGCCGTGCCTGCGCATGTTATTTACCAATGGAGAATCGAAAAAAAAAAAAAAAAAAAAAAAA,0.48582996
79,36,ERCC-00150,DQ883659,B,3.66210938,3.66210938,0,1,0,743,AGCTTGATGTGACATCACGTCCCAATCAATTTGGTTTTACTCCCCTCGATTATGCGGAGTTATCAGTAAGAGCGGGTACCGTTCTGCTGAATGCACTATGAGGGCGACCCTTGATCTTCATTCGTTCCATAGATGCAAATACCCGGGTACTAGTTGGCGAAGTTTGGCTAAAGATTGCCCACTTACTAGGTGACTGTTAACTAGAAAGTTGCATGAGGCTGGTAAGTGAGGGGCTCAGTGAAACAGGATACACCGTACCGTGACGATTCCCGTGTGGGCTTGACATTCAGCCAGCCTCCCGCTTGTACAGAGGCAGACTGTCCGATGCCTAGTATGTTCACTATACGATTTCTTGGGCTAGCTAGGTGTCTTGACCCCATATTCCAAAGATCCGAACCTGCTTGTACTTATCAGTACGAGTTGATGCTCTTGGGGTACCTATTTTTTGATCCGATAGTATTGGTTCTGGCGTGTTCTCGTAACCCCGGGCACTAGATTATGGTGAATGGTGTGTACACACTACTTGACGGGGCGTTACCATTTTCAGGTGGGCACAAATAGCTAAAGCCTCGTCCGCATTACGCCCCATGGCTCACGTCTCAGAGGAGGCTAGCTCGAGGTCACCCATAAGGGATTACGGAGTTACACCCATAGTAACAGACGGAAATTGTTGATAACAGATAGTTAATACGCCTTGGCTGAGGAGACCAACGGACTTCAAAAAAAAAAAAAAAAAAAAAAAA,0.469717362
80,13,ERCC-00154,DQ854997,A,7.32421875,1.83105469,0,4,2,537,TCACTAGATCAGAAGTCTCCCACTCGAGACTAATCTTGGACTATCTATGAGCACCTATTGCGCTGTGGAAGATTGCCCCTAGGTCTCTGGCGGCTCCGATTGCGGGATGAACTGGTTGGTCCGAGGAGGCATATAGGAAACGATGGGCACGCGCTATTCAGACGTTATTTGGTATGGAGTAAGAGGCCGGAAACTGGGCTCGATTGATGGATACTGATCAGTCAACTCAAGCGAGGATATCCATACCCACCGACGGTATGGTCATTAATACCCAGTATTGACTAGTCGGAGGTCTAATTTGGAACGTATTCCGCCGCACACACGAGATTCACTTACATGGACGTGAAGATTGATCGCCGGGCGACTATTATTGCACGACCTTCGCCTGCCCTCAGCTGCGCCCTTTTTGTCCACGACGCAGGCTGGACCAAGCAGCCGAGGCTGCGCTCCGGCATCAAAGTCCACGAGTTACAGCCAGCGGGTTTTAAGGGGGTATTAGCATCTCGAGTGAGTAAAAAAAAAAAAAAAAAAAAAAAA,0.500931099
81,20,ERCC-00156,DQ883643,A,0.45776367,0.11444092,0,4,2,494,CACAAGAATCCCTGCTAGCTGAAGGAGGGTCAAACTATAACACCTTTAGCATTCGTACAGGCAGGCTAAGTGAATACTAACCCACCGGCAGCCCGTTGTAGTAACGTTGACCCCTGGCTCGGAGACATTTGGTGTTGCCTAGTACTAGGTGACTGGTACCGATTCATAGGTTCGCCATTCTCTTATCGAGAGCCCGAGGTAGACTATCTTCCAGATGATGCCATACGTTCACTCAATCGCGCGGCATGCACGGTGGGGCTACGAACTTGCTATCCATAGGCTCTAGATGTGGTAGAAATATGCTGCAGGGGTTCTGTCGAATTTGCTCGGCAACCGTGGCCGTGTATGCTTTCATATCCCGGCGGTGTGATCTAGCCTTCTCGCCATATGAGGGCGCTGAGCATAGACCCAAACCCGACTAGTCGAATCTTAGGGTTGTATGCTAGAACGGCATGGTATAAGCCGTGCTCAAAAAAAAAAAAAAAAAAAAAAAA,0.489878543
82,58,ERCC-00157,DQ839618,C,7.32421875,10.9863281,0,0.67,-0.58,1019,GGTCTTTGTCACCTCCGTCAATTTGTATTAGAACCCGTGAAGGCCCAAGTAACAGGCCCAGGGTTAACATGTACGGAACATACTCCTTCCACGGAAGATTGGGGATGAAAGTTGATACCCAAACTTCATTAACACAAAGGCGATGTGGGCCGAGTACTGTGCTTACACCAACAGGGCGGCTCAACTGGGTTGGTAGCCAGCACTAGCTTATTCACAATTAAGGCCGTATGCATTCTACTGCTTATCCGGTGGTGATTGCAGCCAGGGCGGAAGTGAACACGCTTGTACGATGTGTTTGCATAAGCGGTTACCACAGGCGCTACTCTCGTCGATAGCCGACTACTAATATTCAGCCGGCGCCGGTAGATAGCGAGGCTTTGGGGGTAGCTTTAAGTGCGGTCTAGGCTCAGTTGACGATACTTACTTAGGCAGGGTTACAACCCTTATGATGGGGTATGAGGCACGTGGCCATTCATCCGGACCCGATGCTGTCGTGCTTCTCGTTGGCAATAGCGCGGATTAGTACAGGTGACTAGTTCAGCTGTTGTTCGGATTCCAAGTAAGCTCGCATAGAGCTGGACTTCTCGGAACGGTCCTGACGCATTCCTGCATCAATACGCGGCACCGGGGGTCCGATAGCATCTCGCCTTAGATCCGGCGGGGGATACTTGGTCAAAGCTCACTACGGGACTAGAGTGGCTAGTGCAGATGCGCAGCGCAGATATGCTATACGAGATGAGCTTCAAATTCATGGAGTTATGACGATATAACGCTAGGATCTGACGCAGTGACACCGGTCGTGTGACAACTGGGCTTTAAGTGAGGCATCAGAAGTATACTTTTAATGGTGCCGCTCCCAAATCCCCGATCTTGCCACGATTGCCTAAGCCGTCATGTTAGAGGCGGTCACAGCAAACCCTCAGTTTACCGGTTCGATGATTATACGATGCCGGAGCGAACGACTACGCTCGAAGTTTGGTTATCTAGAGCACGTCAAAAAAAAAAAAAAAAAAAAAAAA,0.501472031
83,41,ERCC-00158,DQ516795,B,0.45776367,0.45776367,0,1,0,1027,GAGCTCTTTCAACAGATCATGGAACTACGGGAGAAATAAACATTTGGATAGAAAATGTAACATTTAAAAATGATGCAAAATCATATTCCTTTAATTTAACGAATCTTAATATATGGGCAGTAAATAAATCTGCTTATGAGTTGTATTGGAATCCATTTAACAAATCTATCTGGATAGATGGGAGTAATTACACTATAACTCCAAATATTGACATACCTCCAGGAGAAGTATGGAACTCTAAAACCTACAACTTCACATTTAGTGGAGTTCCAATCGTTTGGGCAAACTGCTCATTTACACTGTCAAAAAAAGATTATATCCTTTTAAATGAAGTAAGTCAAATAGGAAGTTCCTATGTTGTTGTTGAGGAGATTTATGTTGTGGGTAGTTATTTGATTAAGGTGACTAAGCATATTGTTCCGGATGCGGATGGGACTTATGATATTTATATAGTTGTGGAGAATATTGGTAGTGTGAAGACTCCTGAGTATGTGTATGTTTATGATTTGATTCCTAAGAACTTCACCGTCTCAGATGAGTGGGTTAATCAATCAAGTATGTTGATTGCTGAAGGAAATCACACCATTACAACAAATCCAAGGTATAATTTAAGCATGTGGTGGGCGTTACATGCAATATATCCAGGAGCAGATGGGGACGGTAACTGGAACGACACTGCTGAAATACTTGCAAATAAAACAGTAGTCATACACTACAAACTAAACGGAACTGGCGAATTCTACCCAAGCGACGCATTTATCGTTGGTATCGACCCTACAAACTCACTACTACCAACAACCTCACCAAAAATAACAACAGTAGCCGGAACAGTAGAAAACAACTTTGAGATATTTTTAATACTGATAAACGTTATCTTTGGATTAGGTATATTAACAAAGAGGAATATAAGGAATAATAAATAAAGTTGGGGGATGATGATGAAGAGATTTGCATTACTCTTTATTTTCCTTGCATTTATAACACCACTTTTGCAGATGTTGAGGAAAAAAAAAAAAAAAAAAAAAAA,0.342745862
84,81,ERCC-00160,DQ883658,D,7.32421875,14.6484375,0,0.5,-1,743,TCCTTGGTTTGAAATCAAATTACTATAGATTGCATGCAGAAGTAGGGCTTTACAAGTTTGTTCCTAATTCCGTTGAACAATAGCGAATGTATGATGGTCGGTCATTGCCGCAACCCTGAAGCAGTGAGCGTGGTTGAGTAACCACGTACTAGAAGTCCAAGGATGGTTGCAGTAGCTAGCTCAATTGCCATTGCTGGAATAGTGTCGGTAAACCACGCACCGGGGAGCCGCGTTTCGTTGCGATAACCTCATATAGTCCCAGTCTCGGACGCGAGCACCTGCAGCGTAATTAATAAGGTCAGGCTATGATTCACCACCGTGTAGGAGTTATGCGCCTTATCGCGAAGGTAGTTACTCTTGCCAGTGGGCATGAAATTGCGAGCTTGCCCTAGTAGCGTTAGTACCGTCATAAGCCACTCTAAGAGATCGAAATTTTATACAGTAGTACTAACAGCAGACCTGCAATATCAAAGTTATAAGCGCGTCGACACGCCTCGTCTAAGAAAAACTACTTCCATTAAAGTTCGAGGACAAATGCGGTCTGATTCAGTCCTATAGCGAGGCCATTGCAGTGTGGTCTGCCGTGGTCGGCTCGATAATACCATGATAACTACTGACTGCGCAGTTGTAGCGACCGCAATGGGGAGTGTGTGTTCTTTATTTCAACTGCGTGGCTTATCCTACTTAGGAGTTGTGGATACCAGATTATCTCGCGGTGGAAAAAAAAAAAAAAAAAAAAAAAA,0.456258412
85,53,ERCC-00162,DQ516750,C,58.59375,87.890625,0,0.67,-0.58,523,CTCCACAGATTCCCATGTGTCCAATTCTGAATATCTTTCCAGCTAAGTGCTTCTGCCCACCAGCAACAACTATGTTGTATTTGTTGCTTAATATACCTCTAAATTTGCTATCTTCAATGCCTTCTGGATATTTTGCTGATGTAACTGTTACTGACCTTGCCCTCTCCTTGGCAAACAACTCTATTCCCATTGCCTCCAAACCAGCCCTTGTTGCTTTTGCTAATCTCTCATGTCTTTTAACCCTATTCTCGATTCCTTCCTCTAAAACTAAATCTAATGCAACATTTAAGGCATAGGTTAAATTAACTGATGGTGTGTATGGGGTTTGTTTTTTCTCTTCATAGTATTTTTTATAAGCCAATAAATCTAAGTAGAAACCAACTTTGTCATCATTCTTCTTAATAACTTCCCATGCCTTTTCACTGACTGTTATTGCAGCCAATCCTGGTGGAGCTGCCAAACATTTTTGAGAACCAGTAACACAGATATCATGTGGAATAAAAAAAAAAAAAAAAAAAAAAAA,0.361376673
86,79,ERCC-00163,DQ668359,D,14.6484375,29.296875,0,0.5,-1,543,ATAGACTAGCCTGCCGGTCAATAACTGATGACGCGGAGTCAACCTGATAACCCATAGCGGAACAGTCTAACCTACGCGAGATACGTCTTACCGCACATAGGTAACCTATTCGTGACTAGCAGGCCTTATTCCGGTGCTATGAGTATCTTACCTGGTCTAGGTATCTAATTCGTGGGTCGGGTACTACATTCGTGCGATGGGTCCTCGCTTCGTCTATGAGGTCTCGTCTTCGTGAGTGCAATGTATCCGAAGTCGTAGTGATAATATGGAACTAGGCGCGATTTGACGAACGTATGCCGCATATTCGGAACGTCGCCTGGAAATTCGCCACCTAGATCGAAATTATCGGAACTCGTCGCTTATTTACGAACCTTGGGAGCCGTTCCTAAAGCTGAGTCTGGTTTCTTATTAGCGAGGAGCATTTCGTGAATACTGAGCCGAATATCGTAAGACACCCGCGAGCGACTGTAAACTAATCGGGGAACTTATTATAGGGCCGGTCCAGGTCTTGAACGACGTAAAAAAAAAAAAAAAAAAAAAAAA,0.465930018
87,64,ERCC-00164,DQ516779,C,0.45776367,0.68664551,0,0.67,-0.58,1022,AGGAGCTCCAGTAGTTTTCCCCTCAAAAATTCCTGATAAGATTTCAACTTTATCCTCTTCTTTTCTTGGTGTTGAGAAGATGCTCTGCCCTGGTCTTCTCCTGTCAAGCTCTTTTTGGATATCCTCTTCAGATAAAGGCAGATTAGTTGGACATCCATCAACAACTGCTCCAACAGCCTTTCCATGACTTTCTCCAAAAACTGTAACTCTAAACATATCCCCATAGGTGTTCATTAATGTCACCAAAAATTTTTAATTGCTTAGTTTTACATTTAAAATAAAAATTAAAATAGTCAAAAAATAAAAAAGGTTTATCTGTAGAGAACATCCAAGTGTGCTGGTTCCTTAACTTTAACTTTCTTTTTCTCCATAATCTTCTCAACTGCCTTTCTAAAGTCATCCATTGTTACATAGTCCCTTAACTCCCTAATTGCATTCATCCCTGCCTCTGTGCAGATTGCCTTTAACTCAGCCCCTACACATCCTTCAGTCATCTTAGCTATTTCTTCTAAATTGACATCTTCCGCTAAATTCATCTTTCTTGTATGAATCTTCAATATCTCCAATCTACCCTTCTCATCAGGAGCTGGGACTTCTATGATTCTATCAAATCTTCCAGGTCTTAATATTGCAGGGTCTAAAATGTCAGGCCTGTTTGCGGCCCCAATTATCTTAACATCTCCCCTTGCATCGAATCCATCCATCTCTGCCAACAACTGCATTAATGTTCTCTGAACTTCCCTATCTCCACCAGTTAAAGCGTCTGTTCTCTTTGCTGCAATAGCATCAATCTCATCTATGAATATGATTGAAGGAGCTTTTTCTTTAGCCAATTTGAATATATCTTTAACTAACGGAGCCCCCTCTCCAATAAACTTCTTAACCAATTCAGAACCAACAACTCTTATAAAGGTAGCATTTGTTTCTGTAGCAACAGCTTTAGCTAATAATGTCTTTCCAGTTCCTGGTGGCCCGTAAAGAGAATACCTTTTGGTGGTTAAAAAAAAAAAAAAAAAAAAAAA,0.370841487
88,76,ERCC-00165,DQ668363,D,58.59375,117.1875,0,0.5,-1,872,GATATGCGTTACGTGAGTCTGATAGCAGTTCACTACCTGGATATCTGATCCACTAGCTCGATCATGCTCACCCATAGTTTATCTGCATCACTCGTACTGAAATGCTCACATCGCAGGTAGAGCAGCATCGTAGAGCGTCAAGCTGCATCCTAGCGTCATGAGTCATAGTACCTCATGCTCACGTGATCTACCCTAGCTGACCGCTAATGACGGCAGTGCAACCTGAGATACCGACGGCATACTGTCGTCAACGTCAGGCAATGTGTCCGAACGGCGAGCTACGTCGCCTCACGGAGTAATCGCGTCCCTCTAGGTATAGTGCCGTCGGTTCAGGTCATATGTCGCGGGTTCTGCACATATCACGGACGTATCGCTATCAGACGGACGCTCTCGGACCTAAACCGTAGCTCTCGGCAAGATCGTCCTCGTCTCGAATATAGCGCCCTAGTGCTGCAAATGTCACCGCTATCTCGTAAGGGGTCCGTCTGTTGAGTTAGGCCTCCTCTCGTTGGATGTGAGCTCGGTTGCTTGGATGGTGCAGCTTACTTCGCGTACCTGCTGTTTGCATCAGTCCTCTGCATCTATAATCGCGTATCTCTCTCTAGTAGACCATATAGCCATCTAAGCGCTCGATATTCCACCTAAGTGGCGCCTATTGAACTAAGTGGCAGCCGAATGGACTATCGCTCCTCGATATGTACGGATAGGCCACGGCATGTACGAGCATAAGCCGAACTGCACGAGCATACCCGACACTGATCTGAGAGTCGCTTAAATCATCTGCGTGTCTTAGAGCTTATCGCCATGTCTGTCAACTGTACTGTCATCCTGTAACTGTAGCGTATGTGAAAAAAAAAAAAAAAAAAAAAAAA,0.5
89,87,ERCC-00168,DQ516776,D,0.45776367,0.91552734,0,0.5,-1,1024,CCAATGAACTCAGCTATTCTTCTTAACAAATAACTTTCTCCAGAAAATTCAAATGTATCATCTTCAGGATTCCACCTAAAAACATCATGTAATATAATATCATCAATTTTTGGGTCGTATTCAACAATCTCAGTTATACTCTCAGTTCTTCTAACAAATCTTCCTTTATAAATCAATCTAACCTGCATACATATGGCATTTAGTTGTTCAAGCATAATCTTTGGAATGTTCATTGGTTCAGCATTCAACCTCCTTATAACTGCCTCTGGGGATTTTGCGTGTATCGTTGATAACGCCAAATGTCCTGTAGTTATTGCTTGAAATAATATCTTCGCCTCCTCACCTCTAACCTCTCCAACAATTAAATAATCTGGTCTTTGCCTTAAAGCCGCTTTTAATAAATCCATCATAGTTATTTCATATTCTTCTCCACCGAATCCACTTCTTGTAGTTCCAGCAATCCAGTTTTCATGATACAACCTAATTTCTGGAGTATCCTCAATAGATACGATTTTCATTTGAGGAAGGATGAAAAGAGAGAATGCATTTAAAAGGGTGGTTTTTCCAGTAGCTACCTCTCCAGCAACCATAATAGAATTTTTATATTCAATGAGTAACCAAAGATATGCAAGCATCTCTGGAGAAATACTCCCATATCTTATTAAATCTGTTGGCAATATAGGAGTGTGTGTGAATTTTCTTATTGTAAATGTTGAACCATATCTTGAGATATCCCTTCCAAGGGTTACATTTAGCCTGCTACCATCTGGGAGAGAACCATCCACTATTGGATTAGCCAATGTTAAAGATTTTCCACACCTTTGGGCTAAGGATATACAAAACGAGTCTAATTCTTCATCAGTTTCAAATTTTATATTTGTCTTTAAATGTTCGTATTTTCTATGAAACACATACACTGGCTTTCCAACACCTGTGCAACTGATATCCTCCAAATTCTCATCTTTCATAAGAGCATCTATTTCCCATATCCAATGAGGTAAAAAAAAAAAAAAAAAAAAAAAAA,0.341796875
90,12,ERCC-00170,DQ516773,A,14.6484375,3.66210938,0,4,2,1023,TATTGGTGGAGGGGCACAAGTTGCTGAAGTTGCGAGAGGGGCGATAAGTGAGGCAGACAGGCATAATATAAGAGGGGAGAGAATTAGCGTAGATACTCTTCCAATAGTTGGTGAAGAAAATTTATATGAGGCTGTTAAAGCTGTAGCAACTCTTCCACGAGTAGGAATTTTAGTTTTAGCTGGCTCTTTAATGGGAGGGAAGATAACTGAAGCAGTTAAAGAATTAAAGGAAAAGACTGGCATTCCCGTGATAAGCTTAAAGATGTTTGGCTCTGTTCCTAAGGTTGCTGATTTGGTTGTTGGAGACCCATTGCAGGCAGGGGTTTTAGCTGTTATGGCTATTGCTGAAACAGCAAAATTTGATATAAATAAGGTTAAAGGTAGGGTGCTATAAAGATAATTTAATAATTTTTGATGAAACCGAAGCGTTAGCTTTGGGTTATGAAACTCCATGATTTTCATTTAATTTTTTCCTATTAATTTTCTCCTAAAAAGTTTCTTTAACATAAATAAGGTTAAAGGGAGAGCTCTATGATTGTCTTCAAAAATACAAAGATTATTGATGTATATACTGGAGAGGTTGTTAAAGGAAATGTTGCAGTTGAGAGGGATAAAATATCCTTTGTGGATTTAAATGATGAAATTGATAAGATAATTGAAAAAATAAAGGAGGATGTTAAAGTTATTGACTTAAAAGGAAAATATTTATCTCCAACATTTATAGATGGGCATATACATATAGAATCTTCCCATCTCATCCCATCAGAGTTTGAGAAATTTGTATTAAAAAGCGGAGTTAGCAAAGTAGTTATAGACCCGCATGAAATAGCAAATATTGCTGGAAAAGAAGGAATTTTGTTTATGTTGAATGATGCCAAAATTTTAGATGTCTATGTTATGCTTCCTTCCTGTGTTCCAGCTACAAACTTAGAAACAAGTGGAGCTGAGATTACAGCAGAGAATATTGAAGAACTCATTCTTTAGATAATGTCTTAGGTTAAAAAAAAAAAAAAAAAAAAAAAA,0.337243402
91,25,ERCC-00171,DQ854994,B,3750,3750,0,1,0,505,CTGGAGATTGTCTCGTACGGTTAAGAGCCTCCGCCCGTCTCTGGGACTATGGACGGGCACGCTCATATCAGGCTATATTTGGTCCGGGTTATTATCGTCGCGGTTACCGTAATACTTCAGATCAGTTAAGTAGGGCCATATGCCTCGGGAATAAGCTGACGGTGACAAGGTTTCCCCCTAATCGAGACGCTGCAATAACACAGGGGCATACAGTAACCAGGCAAGAGTTCAATCGCTTAGTTTCGTGGCGGGATTTGAGGAAAACTGCGACTGTTCTTTAACCAAACATCCGTGCGATTCGTGCCACTCGTAGACGGCATCTCACAGTCACTGAAGGCTATTAAAGAGTTAGCACCCACCATTGGATGAAGCCCAGGATAAGTGACCCCCCCGGACCTTGGAGTTTCATGCTAATCAAAGAAGAGCTAATCCGACGTAAAGTTGCGGCGTTGATTACGCAGGATTGCGACCAAAGAACGAGAAAAAAAAAAAAAAAAAAAAAAAA,0.477227723
